aqsid,param,dur,year,rows,source_file
480290055,42101,1,2016,2071,TCEQ_BexarCriteria_2016-2025_MISLABELED.txt
480290055,42401,1,2016,2265,TCEQ_BexarCriteria_2016-2025_MISLABELED.txt
480290055,42601,1,2016,2263,TCEQ_BexarCriteria_2016-2025_MISLABELED.txt
480290055,42602,1,2016,2263,TCEQ_BexarCriteria_2016-2025_MISLABELED.txt
480290055,42603,1,2016,2263,TCEQ_BexarCriteria_2016-2025_MISLABELED.txt
480290055,44201,1,2016,8508,TCEQ_BexarCriteria_2016-2025_MISLABELED.txt
480290055,44201,1,2017,7133,TCEQ_BexarCriteria_2016-2025_MISLABELED.txt
480290055,44201,1,2018,1112,TCEQ_BexarCriteria_2016-2025_MISLABELED.txt
480290055,44201,1,2019,6307,TCEQ_BexarCriteria_2016-2025_MISLABELED.txt
480290055,44201,1,2020,6341,TCEQ_BexarCriteria_2016-2025_MISLABELED.txt
480290055,44201,1,2021,6410,TCEQ_BexarCriteria_2016-2025_MISLABELED.txt
480290055,44201,1,2022,6203,TCEQ_BexarCriteria_2016-2025_MISLABELED.txt
480290055,44201,1,2023,6217,TCEQ_BexarCriteria_2016-2025_MISLABELED.txt
480290055,44201,1,2024,6350,TCEQ_BexarCriteria_2016-2025_MISLABELED.txt
480290055,44201,1,2025,5734,TCEQ_BexarCriteria_2016-2025_MISLABELED.txt
480290501,44201,1,2016,5320,TCEQ_BexarCriteria_2016-2025_MISLABELED.txt
480290501,44201,1,2017,5983,TCEQ_BexarCriteria_2016-2025_MISLABELED.txt
480290501,44201,1,2018,5730,TCEQ_BexarCriteria_2016-2025_MISLABELED.txt
480290501,44201,1,2019,6365,TCEQ_BexarCriteria_2016-2025_MISLABELED.txt
480290501,44201,1,2020,6204,TCEQ_BexarCriteria_2016-2025_MISLABELED.txt
480290501,44201,1,2021,6256,TCEQ_BexarCriteria_2016-2025_MISLABELED.txt
480290501,44201,1,2022,5499,TCEQ_BexarCriteria_2016-2025_MISLABELED.txt
480290501,44201,1,2023,6200,TCEQ_BexarCriteria_2016-2025_MISLABELED.txt
480290501,44201,1,2024,6422,TCEQ_BexarCriteria_2016-2025_MISLABELED.txt
480290501,44201,1,2025,6139,TCEQ_BexarCriteria_2016-2025_MISLABELED.txt
480290502,44201,1,2016,5441,TCEQ_BexarCriteria_2016-2025_MISLABELED.txt
480290502,44201,1,2017,5992,TCEQ_BexarCriteria_2016-2025_MISLABELED.txt
480290502,44201,1,2018,6156,TCEQ_BexarCriteria_2016-2025_MISLABELED.txt
480290502,44201,1,2019,6325,TCEQ_BexarCriteria_2016-2025_MISLABELED.txt
480290502,44201,1,2020,6326,TCEQ_BexarCriteria_2016-2025_MISLABELED.txt
480290502,44201,1,2021,6418,TCEQ_BexarCriteria_2016-2025_MISLABELED.txt
480290502,44201,1,2022,5548,TCEQ_BexarCriteria_2016-2025_MISLABELED.txt
480290502,44201,1,2023,6215,TCEQ_BexarCriteria_2016-2025_MISLABELED.txt
480290502,44201,1,2024,6406,TCEQ_BexarCriteria_2016-2025_MISLABELED.txt
480290502,44201,1,2025,6314,TCEQ_BexarCriteria_2016-2025_MISLABELED.txt
480290622,42101,1,2016,1194,TCEQ_BexarCriteria_2016-2025_MISLABELED.txt
480290622,42401,1,2016,2258,TCEQ_BexarCriteria_2016-2025_MISLABELED.txt
480290622,42601,1,2016,2245,TCEQ_BexarCriteria_2016-2025_MISLABELED.txt
480290622,42602,1,2016,2243,TCEQ_BexarCriteria_2016-2025_MISLABELED.txt
480290622,42603,1,2016,2245,TCEQ_BexarCriteria_2016-2025_MISLABELED.txt
480290622,44201,1,2016,8694,TCEQ_BexarCriteria_2016-2025_MISLABELED.txt
480290622,44201,1,2017,8650,TCEQ_BexarCriteria_2016-2025_MISLABELED.txt
480290622,44201,1,2018,2930,TCEQ_BexarCriteria_2016-2025_MISLABELED.txt
480290622,44201,1,2019,8669,TCEQ_BexarCriteria_2016-2025_MISLABELED.txt
480290622,44201,1,2020,8148,TCEQ_BexarCriteria_2016-2025_MISLABELED.txt
480290622,44201,1,2021,8505,TCEQ_BexarCriteria_2016-2025_MISLABELED.txt
480290622,44201,1,2022,8334,TCEQ_BexarCriteria_2016-2025_MISLABELED.txt
480290622,44201,1,2023,7813,TCEQ_BexarCriteria_2016-2025_MISLABELED.txt
480290622,44201,1,2024,8479,TCEQ_BexarCriteria_2016-2025_MISLABELED.txt
480290622,44201,1,2025,8401,TCEQ_BexarCriteria_2016-2025_MISLABELED.txt
480290622,88502,1,2016,8373,TCEQ_BexarCriteria_2016-2025_MISLABELED.txt
480290622,88502,1,2017,8699,TCEQ_BexarCriteria_2016-2025_MISLABELED.txt
480290622,88502,1,2018,2888,TCEQ_BexarCriteria_2016-2025_MISLABELED.txt
480290622,88502,1,2019,8579,TCEQ_BexarCriteria_2016-2025_MISLABELED.txt
480290622,88502,1,2020,8234,TCEQ_BexarCriteria_2016-2025_MISLABELED.txt
480290622,88502,1,2021,4871,TCEQ_BexarCriteria_2016-2025_MISLABELED.txt
480290622,88502,1,2022,6408,TCEQ_BexarCriteria_2016-2025_MISLABELED.txt
480290622,88502,1,2023,7221,TCEQ_BexarCriteria_2016-2025_MISLABELED.txt
480290622,88502,1,2024,8094,TCEQ_BexarCriteria_2016-2025_MISLABELED.txt
480290622,88502,1,2025,8430,TCEQ_BexarCriteria_2016-2025_MISLABELED.txt
480291091,88502,1,2020,5181,TCEQ_BexarCriteria_2016-2025_MISLABELED.txt
480291091,88502,1,2021,8447,TCEQ_BexarCriteria_2016-2025_MISLABELED.txt
480291091,88502,1,2022,8668,TCEQ_BexarCriteria_2016-2025_MISLABELED.txt
480291091,88502,1,2023,8456,TCEQ_BexarCriteria_2016-2025_MISLABELED.txt
480291091,88502,1,2024,7932,TCEQ_BexarCriteria_2016-2025_MISLABELED.txt
480291610,44201,1,2017,1835,TCEQ_BexarCriteria_2016-2025_MISLABELED.txt
480291610,44201,1,2018,6153,TCEQ_BexarCriteria_2016-2025_MISLABELED.txt
480291610,44201,1,2019,6371,TCEQ_BexarCriteria_2016-2025_MISLABELED.txt
480291610,44201,1,2020,6297,TCEQ_BexarCriteria_2016-2025_MISLABELED.txt
480291610,44201,1,2021,6178,TCEQ_BexarCriteria_2016-2025_MISLABELED.txt
480291610,44201,1,2022,5894,TCEQ_BexarCriteria_2016-2025_MISLABELED.txt
480291610,44201,1,2023,6103,TCEQ_BexarCriteria_2016-2025_MISLABELED.txt
480291610,44201,1,2024,6500,TCEQ_BexarCriteria_2016-2025_MISLABELED.txt
480291610,44201,1,2025,5980,TCEQ_BexarCriteria_2016-2025_MISLABELED.txt
480290059,42401,1,2016,8513,"TCEQ_CalaveresLake_PM2.5,SO2,NOx,O3_2016-2025.txt"
480290059,42401,1,2017,8368,"TCEQ_CalaveresLake_PM2.5,SO2,NOx,O3_2016-2025.txt"
480290059,42401,1,2018,7987,"TCEQ_CalaveresLake_PM2.5,SO2,NOx,O3_2016-2025.txt"
480290059,42401,1,2019,7513,"TCEQ_CalaveresLake_PM2.5,SO2,NOx,O3_2016-2025.txt"
480290059,42401,1,2020,8245,"TCEQ_CalaveresLake_PM2.5,SO2,NOx,O3_2016-2025.txt"
480290059,42401,1,2021,8391,"TCEQ_CalaveresLake_PM2.5,SO2,NOx,O3_2016-2025.txt"
480290059,42401,1,2022,8397,"TCEQ_CalaveresLake_PM2.5,SO2,NOx,O3_2016-2025.txt"
480290059,42401,1,2023,7982,"TCEQ_CalaveresLake_PM2.5,SO2,NOx,O3_2016-2025.txt"
480290059,42401,1,2024,8342,"TCEQ_CalaveresLake_PM2.5,SO2,NOx,O3_2016-2025.txt"
480290059,42401,1,2025,8378,"TCEQ_CalaveresLake_PM2.5,SO2,NOx,O3_2016-2025.txt"
480290059,42601,1,2016,8397,"TCEQ_CalaveresLake_PM2.5,SO2,NOx,O3_2016-2025.txt"
480290059,42601,1,2017,8256,"TCEQ_CalaveresLake_PM2.5,SO2,NOx,O3_2016-2025.txt"
480290059,42601,1,2018,8311,"TCEQ_CalaveresLake_PM2.5,SO2,NOx,O3_2016-2025.txt"
480290059,42601,1,2019,8527,"TCEQ_CalaveresLake_PM2.5,SO2,NOx,O3_2016-2025.txt"
480290059,42601,1,2020,8409,"TCEQ_CalaveresLake_PM2.5,SO2,NOx,O3_2016-2025.txt"
480290059,42601,1,2021,8475,"TCEQ_CalaveresLake_PM2.5,SO2,NOx,O3_2016-2025.txt"
480290059,42601,1,2022,8354,"TCEQ_CalaveresLake_PM2.5,SO2,NOx,O3_2016-2025.txt"
480290059,42601,1,2023,8314,"TCEQ_CalaveresLake_PM2.5,SO2,NOx,O3_2016-2025.txt"
480290059,42601,1,2024,8266,"TCEQ_CalaveresLake_PM2.5,SO2,NOx,O3_2016-2025.txt"
480290059,42601,1,2025,8500,"TCEQ_CalaveresLake_PM2.5,SO2,NOx,O3_2016-2025.txt"
480290059,42602,1,2016,8214,"TCEQ_CalaveresLake_PM2.5,SO2,NOx,O3_2016-2025.txt"
480290059,42602,1,2017,8253,"TCEQ_CalaveresLake_PM2.5,SO2,NOx,O3_2016-2025.txt"
480290059,42602,1,2018,8311,"TCEQ_CalaveresLake_PM2.5,SO2,NOx,O3_2016-2025.txt"
480290059,42602,1,2019,8527,"TCEQ_CalaveresLake_PM2.5,SO2,NOx,O3_2016-2025.txt"
480290059,42602,1,2020,8409,"TCEQ_CalaveresLake_PM2.5,SO2,NOx,O3_2016-2025.txt"
480290059,42602,1,2021,8475,"TCEQ_CalaveresLake_PM2.5,SO2,NOx,O3_2016-2025.txt"
480290059,42602,1,2022,8354,"TCEQ_CalaveresLake_PM2.5,SO2,NOx,O3_2016-2025.txt"
480290059,42602,1,2023,8314,"TCEQ_CalaveresLake_PM2.5,SO2,NOx,O3_2016-2025.txt"
480290059,42602,1,2024,8266,"TCEQ_CalaveresLake_PM2.5,SO2,NOx,O3_2016-2025.txt"
480290059,42602,1,2025,8500,"TCEQ_CalaveresLake_PM2.5,SO2,NOx,O3_2016-2025.txt"
480290059,42603,1,2016,8453,"TCEQ_CalaveresLake_PM2.5,SO2,NOx,O3_2016-2025.txt"
480290059,42603,1,2017,8256,"TCEQ_CalaveresLake_PM2.5,SO2,NOx,O3_2016-2025.txt"
480290059,42603,1,2018,8342,"TCEQ_CalaveresLake_PM2.5,SO2,NOx,O3_2016-2025.txt"
480290059,42603,1,2019,8527,"TCEQ_CalaveresLake_PM2.5,SO2,NOx,O3_2016-2025.txt"
480290059,42603,1,2020,8409,"TCEQ_CalaveresLake_PM2.5,SO2,NOx,O3_2016-2025.txt"
480290059,42603,1,2021,8475,"TCEQ_CalaveresLake_PM2.5,SO2,NOx,O3_2016-2025.txt"
480290059,42603,1,2022,8354,"TCEQ_CalaveresLake_PM2.5,SO2,NOx,O3_2016-2025.txt"
480290059,42603,1,2023,8314,"TCEQ_CalaveresLake_PM2.5,SO2,NOx,O3_2016-2025.txt"
480290059,42603,1,2024,8266,"TCEQ_CalaveresLake_PM2.5,SO2,NOx,O3_2016-2025.txt"
480290059,42603,1,2025,8500,"TCEQ_CalaveresLake_PM2.5,SO2,NOx,O3_2016-2025.txt"
480290059,44201,1,2016,8681,"TCEQ_CalaveresLake_PM2.5,SO2,NOx,O3_2016-2025.txt"
480290059,44201,1,2017,8414,"TCEQ_CalaveresLake_PM2.5,SO2,NOx,O3_2016-2025.txt"
480290059,44201,1,2018,8573,"TCEQ_CalaveresLake_PM2.5,SO2,NOx,O3_2016-2025.txt"
480290059,44201,1,2019,8628,"TCEQ_CalaveresLake_PM2.5,SO2,NOx,O3_2016-2025.txt"
480290059,44201,1,2020,8446,"TCEQ_CalaveresLake_PM2.5,SO2,NOx,O3_2016-2025.txt"
480290059,44201,1,2021,8359,"TCEQ_CalaveresLake_PM2.5,SO2,NOx,O3_2016-2025.txt"
480290059,44201,1,2022,8497,"TCEQ_CalaveresLake_PM2.5,SO2,NOx,O3_2016-2025.txt"
480290059,44201,1,2023,8522,"TCEQ_CalaveresLake_PM2.5,SO2,NOx,O3_2016-2025.txt"
480290059,44201,1,2024,8430,"TCEQ_CalaveresLake_PM2.5,SO2,NOx,O3_2016-2025.txt"
480290059,44201,1,2025,8475,"TCEQ_CalaveresLake_PM2.5,SO2,NOx,O3_2016-2025.txt"
480290059,88101,1,2018,1181,"TCEQ_CalaveresLake_PM2.5,SO2,NOx,O3_2016-2025.txt"
480290059,88101,1,2019,8272,"TCEQ_CalaveresLake_PM2.5,SO2,NOx,O3_2016-2025.txt"
480290059,88101,1,2020,8191,"TCEQ_CalaveresLake_PM2.5,SO2,NOx,O3_2016-2025.txt"
480290059,88101,1,2021,8606,"TCEQ_CalaveresLake_PM2.5,SO2,NOx,O3_2016-2025.txt"
480290059,88101,1,2022,8599,"TCEQ_CalaveresLake_PM2.5,SO2,NOx,O3_2016-2025.txt"
480290059,88101,1,2023,8579,"TCEQ_CalaveresLake_PM2.5,SO2,NOx,O3_2016-2025.txt"
480290059,88101,1,2024,8397,"TCEQ_CalaveresLake_PM2.5,SO2,NOx,O3_2016-2025.txt"
480290059,88101,1,2025,8552,"TCEQ_CalaveresLake_PM2.5,SO2,NOx,O3_2016-2025.txt"
480910503,42601,1,2025,215,TCEQ_NOx_112225-010126_4sites.txt
480910503,42602,1,2025,215,TCEQ_NOx_112225-010126_4sites.txt
480910503,42603,1,2025,215,TCEQ_NOx_112225-010126_4sites.txt
481870504,42601,1,2025,215,TCEQ_NOx_112225-010126_4sites.txt
481870504,42602,1,2025,215,TCEQ_NOx_112225-010126_4sites.txt
481870504,42603,1,2025,215,TCEQ_NOx_112225-010126_4sites.txt
481870506,42601,1,2025,214,TCEQ_NOx_112225-010126_4sites.txt
481870506,42602,1,2025,215,TCEQ_NOx_112225-010126_4sites.txt
481870506,42603,1,2025,212,TCEQ_NOx_112225-010126_4sites.txt
480910503,42601,1,2021,4584,TCEQ_NOX_2016-2025.txt
480910503,42601,1,2022,5391,TCEQ_NOX_2016-2025.txt
480910503,42601,1,2023,5186,TCEQ_NOX_2016-2025.txt
480910503,42601,1,2024,4533,TCEQ_NOX_2016-2025.txt
480910503,42601,1,2025,5718,TCEQ_NOX_2016-2025.txt
480910503,42602,1,2021,4584,TCEQ_NOX_2016-2025.txt
480910503,42602,1,2022,5392,TCEQ_NOX_2016-2025.txt
480910503,42602,1,2023,5186,TCEQ_NOX_2016-2025.txt
480910503,42602,1,2024,4546,TCEQ_NOX_2016-2025.txt
480910503,42602,1,2025,6036,TCEQ_NOX_2016-2025.txt
480910503,42603,1,2021,4584,TCEQ_NOX_2016-2025.txt
480910503,42603,1,2022,5391,TCEQ_NOX_2016-2025.txt
480910503,42603,1,2023,5186,TCEQ_NOX_2016-2025.txt
480910503,42603,1,2024,4547,TCEQ_NOX_2016-2025.txt
480910503,42603,1,2025,6035,TCEQ_NOX_2016-2025.txt
480910505,42601,1,2021,4061,TCEQ_NOX_2016-2025.txt
480910505,42601,1,2022,5301,TCEQ_NOX_2016-2025.txt
480910505,42601,1,2023,5968,TCEQ_NOX_2016-2025.txt
480910505,42601,1,2024,4760,TCEQ_NOX_2016-2025.txt
480910505,42601,1,2025,5460,TCEQ_NOX_2016-2025.txt
480910505,42602,1,2021,4061,TCEQ_NOX_2016-2025.txt
480910505,42602,1,2022,5298,TCEQ_NOX_2016-2025.txt
480910505,42602,1,2023,5970,TCEQ_NOX_2016-2025.txt
480910505,42602,1,2024,4760,TCEQ_NOX_2016-2025.txt
480910505,42602,1,2025,5461,TCEQ_NOX_2016-2025.txt
480910505,42603,1,2021,4061,TCEQ_NOX_2016-2025.txt
480910505,42603,1,2022,5298,TCEQ_NOX_2016-2025.txt
480910505,42603,1,2023,5965,TCEQ_NOX_2016-2025.txt
480910505,42603,1,2024,4760,TCEQ_NOX_2016-2025.txt
480910505,42603,1,2025,5460,TCEQ_NOX_2016-2025.txt
481870504,42601,1,2021,4523,TCEQ_NOX_2016-2025.txt
481870504,42601,1,2022,4952,TCEQ_NOX_2016-2025.txt
481870504,42601,1,2023,6082,TCEQ_NOX_2016-2025.txt
481870504,42601,1,2024,4712,TCEQ_NOX_2016-2025.txt
481870504,42601,1,2025,6139,TCEQ_NOX_2016-2025.txt
481870504,42602,1,2021,4523,TCEQ_NOX_2016-2025.txt
481870504,42602,1,2022,4909,TCEQ_NOX_2016-2025.txt
481870504,42602,1,2023,6081,TCEQ_NOX_2016-2025.txt
481870504,42602,1,2024,4712,TCEQ_NOX_2016-2025.txt
481870504,42602,1,2025,6140,TCEQ_NOX_2016-2025.txt
481870504,42603,1,2021,4523,TCEQ_NOX_2016-2025.txt
481870504,42603,1,2022,4920,TCEQ_NOX_2016-2025.txt
481870504,42603,1,2023,6079,TCEQ_NOX_2016-2025.txt
481870504,42603,1,2024,4712,TCEQ_NOX_2016-2025.txt
481870504,42603,1,2025,6137,TCEQ_NOX_2016-2025.txt
481870506,42601,1,2021,4677,TCEQ_NOX_2016-2025.txt
481870506,42601,1,2022,283,TCEQ_NOX_2016-2025.txt
481870506,42601,1,2023,2413,TCEQ_NOX_2016-2025.txt
481870506,42601,1,2024,4746,TCEQ_NOX_2016-2025.txt
481870506,42601,1,2025,5822,TCEQ_NOX_2016-2025.txt
481870506,42602,1,2021,4677,TCEQ_NOX_2016-2025.txt
481870506,42602,1,2022,283,TCEQ_NOX_2016-2025.txt
481870506,42602,1,2023,2475,TCEQ_NOX_2016-2025.txt
481870506,42602,1,2024,4746,TCEQ_NOX_2016-2025.txt
481870506,42602,1,2025,5824,TCEQ_NOX_2016-2025.txt
481870506,42603,1,2021,4677,TCEQ_NOX_2016-2025.txt
481870506,42603,1,2022,283,TCEQ_NOX_2016-2025.txt
481870506,42603,1,2023,2300,TCEQ_NOX_2016-2025.txt
481870506,42603,1,2024,4746,TCEQ_NOX_2016-2025.txt
481870506,42603,1,2025,5816,TCEQ_NOX_2016-2025.txt
481870504,44201,1,2016,5333,TCEQ_O3_2016-2015_Guadelupe.txt
481870504,44201,1,2017,5264,TCEQ_O3_2016-2015_Guadelupe.txt
481870504,44201,1,2018,6214,TCEQ_O3_2016-2015_Guadelupe.txt
481870504,44201,1,2019,6344,TCEQ_O3_2016-2015_Guadelupe.txt
481870504,44201,1,2020,6390,TCEQ_O3_2016-2015_Guadelupe.txt
481870504,44201,1,2021,6230,TCEQ_O3_2016-2015_Guadelupe.txt
481870504,44201,1,2022,6528,TCEQ_O3_2016-2015_Guadelupe.txt
481870504,44201,1,2023,6137,TCEQ_O3_2016-2015_Guadelupe.txt
481870504,44201,1,2024,6492,TCEQ_O3_2016-2015_Guadelupe.txt
481870504,44201,1,2025,6513,TCEQ_O3_2016-2015_Guadelupe.txt
481870506,44201,1,2016,5268,TCEQ_O3_2016-2015_Guadelupe.txt
481870506,44201,1,2017,5277,TCEQ_O3_2016-2015_Guadelupe.txt
481870506,44201,1,2018,5518,TCEQ_O3_2016-2015_Guadelupe.txt
481870506,44201,1,2019,6326,TCEQ_O3_2016-2015_Guadelupe.txt
481870506,44201,1,2020,6127,TCEQ_O3_2016-2015_Guadelupe.txt
481870506,44201,1,2021,6184,TCEQ_O3_2016-2015_Guadelupe.txt
481870506,44201,1,2022,5793,TCEQ_O3_2016-2015_Guadelupe.txt
481870506,44201,1,2023,6157,TCEQ_O3_2016-2015_Guadelupe.txt
481870506,44201,1,2024,6583,TCEQ_O3_2016-2015_Guadelupe.txt
481870506,44201,1,2025,6421,TCEQ_O3_2016-2015_Guadelupe.txt
480290055,44201,1,2016,8508,TCEQ_O3_2016-2025_MissingGuadelupe.txt
480290055,44201,1,2017,7133,TCEQ_O3_2016-2025_MissingGuadelupe.txt
480290055,44201,1,2018,1112,TCEQ_O3_2016-2025_MissingGuadelupe.txt
480290055,44201,1,2019,6307,TCEQ_O3_2016-2025_MissingGuadelupe.txt
480290055,44201,1,2020,6341,TCEQ_O3_2016-2025_MissingGuadelupe.txt
480290055,44201,1,2021,6410,TCEQ_O3_2016-2025_MissingGuadelupe.txt
480290055,44201,1,2022,6203,TCEQ_O3_2016-2025_MissingGuadelupe.txt
480290055,44201,1,2023,6217,TCEQ_O3_2016-2025_MissingGuadelupe.txt
480290055,44201,1,2024,6350,TCEQ_O3_2016-2025_MissingGuadelupe.txt
480290055,44201,1,2025,5734,TCEQ_O3_2016-2025_MissingGuadelupe.txt
480290501,44201,1,2016,5320,TCEQ_O3_2016-2025_MissingGuadelupe.txt
480290501,44201,1,2017,5983,TCEQ_O3_2016-2025_MissingGuadelupe.txt
480290501,44201,1,2018,5730,TCEQ_O3_2016-2025_MissingGuadelupe.txt
480290501,44201,1,2019,6365,TCEQ_O3_2016-2025_MissingGuadelupe.txt
480290501,44201,1,2020,6204,TCEQ_O3_2016-2025_MissingGuadelupe.txt
480290501,44201,1,2021,6256,TCEQ_O3_2016-2025_MissingGuadelupe.txt
480290501,44201,1,2022,5499,TCEQ_O3_2016-2025_MissingGuadelupe.txt
480290501,44201,1,2023,6200,TCEQ_O3_2016-2025_MissingGuadelupe.txt
480290501,44201,1,2024,6422,TCEQ_O3_2016-2025_MissingGuadelupe.txt
480290501,44201,1,2025,6139,TCEQ_O3_2016-2025_MissingGuadelupe.txt
480290502,44201,1,2016,5441,TCEQ_O3_2016-2025_MissingGuadelupe.txt
480290502,44201,1,2017,5992,TCEQ_O3_2016-2025_MissingGuadelupe.txt
480290502,44201,1,2018,6156,TCEQ_O3_2016-2025_MissingGuadelupe.txt
480290502,44201,1,2019,6325,TCEQ_O3_2016-2025_MissingGuadelupe.txt
480290502,44201,1,2020,6326,TCEQ_O3_2016-2025_MissingGuadelupe.txt
480290502,44201,1,2021,6418,TCEQ_O3_2016-2025_MissingGuadelupe.txt
480290502,44201,1,2022,5548,TCEQ_O3_2016-2025_MissingGuadelupe.txt
480290502,44201,1,2023,6215,TCEQ_O3_2016-2025_MissingGuadelupe.txt
480290502,44201,1,2024,6406,TCEQ_O3_2016-2025_MissingGuadelupe.txt
480290502,44201,1,2025,6314,TCEQ_O3_2016-2025_MissingGuadelupe.txt
480290622,44201,1,2016,8694,TCEQ_O3_2016-2025_MissingGuadelupe.txt
480290622,44201,1,2017,8650,TCEQ_O3_2016-2025_MissingGuadelupe.txt
480290622,44201,1,2018,2930,TCEQ_O3_2016-2025_MissingGuadelupe.txt
480290622,44201,1,2019,8669,TCEQ_O3_2016-2025_MissingGuadelupe.txt
480290622,44201,1,2020,8148,TCEQ_O3_2016-2025_MissingGuadelupe.txt
480290622,44201,1,2021,8505,TCEQ_O3_2016-2025_MissingGuadelupe.txt
480290622,44201,1,2022,8334,TCEQ_O3_2016-2025_MissingGuadelupe.txt
480290622,44201,1,2023,7813,TCEQ_O3_2016-2025_MissingGuadelupe.txt
480290622,44201,1,2024,8479,TCEQ_O3_2016-2025_MissingGuadelupe.txt
480290622,44201,1,2025,8401,TCEQ_O3_2016-2025_MissingGuadelupe.txt
480291610,44201,1,2017,1835,TCEQ_O3_2016-2025_MissingGuadelupe.txt
480291610,44201,1,2018,6153,TCEQ_O3_2016-2025_MissingGuadelupe.txt
480291610,44201,1,2019,6371,TCEQ_O3_2016-2025_MissingGuadelupe.txt
480291610,44201,1,2020,6297,TCEQ_O3_2016-2025_MissingGuadelupe.txt
480291610,44201,1,2021,6178,TCEQ_O3_2016-2025_MissingGuadelupe.txt
480291610,44201,1,2022,5894,TCEQ_O3_2016-2025_MissingGuadelupe.txt
480291610,44201,1,2023,6103,TCEQ_O3_2016-2025_MissingGuadelupe.txt
480291610,44201,1,2024,6500,TCEQ_O3_2016-2025_MissingGuadelupe.txt
480291610,44201,1,2025,5980,TCEQ_O3_2016-2025_MissingGuadelupe.txt
480910503,44201,1,2016,5220,TCEQ_O3_2016-2025_MissingGuadelupe.txt
480910503,44201,1,2017,5255,TCEQ_O3_2016-2025_MissingGuadelupe.txt
480910503,44201,1,2018,6497,TCEQ_O3_2016-2025_MissingGuadelupe.txt
480910503,44201,1,2019,6280,TCEQ_O3_2016-2025_MissingGuadelupe.txt
480910503,44201,1,2020,6367,TCEQ_O3_2016-2025_MissingGuadelupe.txt
480910503,44201,1,2021,6131,TCEQ_O3_2016-2025_MissingGuadelupe.txt
480910503,44201,1,2022,5493,TCEQ_O3_2016-2025_MissingGuadelupe.txt
480910503,44201,1,2023,5973,TCEQ_O3_2016-2025_MissingGuadelupe.txt
480910503,44201,1,2024,6460,TCEQ_O3_2016-2025_MissingGuadelupe.txt
480910503,44201,1,2025,6566,TCEQ_O3_2016-2025_MissingGuadelupe.txt
480910505,44201,1,2016,5492,TCEQ_O3_2016-2025_MissingGuadelupe.txt
480910505,44201,1,2017,5427,TCEQ_O3_2016-2025_MissingGuadelupe.txt
480910505,44201,1,2018,5736,TCEQ_O3_2016-2025_MissingGuadelupe.txt
480910505,44201,1,2019,6309,TCEQ_O3_2016-2025_MissingGuadelupe.txt
480910505,44201,1,2020,6398,TCEQ_O3_2016-2025_MissingGuadelupe.txt
480910505,44201,1,2021,6108,TCEQ_O3_2016-2025_MissingGuadelupe.txt
480910505,44201,1,2022,5944,TCEQ_O3_2016-2025_MissingGuadelupe.txt
480910505,44201,1,2023,6045,TCEQ_O3_2016-2025_MissingGuadelupe.txt
480910505,44201,1,2024,6572,TCEQ_O3_2016-2025_MissingGuadelupe.txt
480910505,44201,1,2025,6269,TCEQ_O3_2016-2025_MissingGuadelupe.txt
480290501,44201,1,2025,36,TCEQ_Ozone_111325-010126_8sites.txt
480290502,44201,1,2025,12,TCEQ_Ozone_111325-010126_8sites.txt
480291610,44201,1,2025,48,TCEQ_Ozone_111325-010126_8sites.txt
480910503,44201,1,2025,279,TCEQ_Ozone_111325-010126_8sites.txt
480910505,44201,1,2025,207,TCEQ_Ozone_111325-010126_8sites.txt
481870504,44201,1,2025,185,TCEQ_Ozone_111325-010126_8sites.txt
481870506,44201,1,2025,157,TCEQ_Ozone_111325-010126_8sites.txt
480911088,81102,1,2019,2077,TCEQ_PM10TEOM_NewBraunfelsOakPkwy.txt
480911088,81102,1,2020,8529,TCEQ_PM10TEOM_NewBraunfelsOakPkwy.txt
480911088,81102,1,2021,8393,TCEQ_PM10TEOM_NewBraunfelsOakPkwy.txt
480911088,81102,1,2022,8726,TCEQ_PM10TEOM_NewBraunfelsOakPkwy.txt
480911088,81102,1,2023,8580,TCEQ_PM10TEOM_NewBraunfelsOakPkwy.txt
480911088,81102,1,2024,8311,TCEQ_PM10TEOM_NewBraunfelsOakPkwy.txt
480290622,88502,1,2016,8373,TCEQ_PM2.5TEOM_2016-2025.txt
480290622,88502,1,2017,8699,TCEQ_PM2.5TEOM_2016-2025.txt
480290622,88502,1,2018,2888,TCEQ_PM2.5TEOM_2016-2025.txt
480290622,88502,1,2019,8579,TCEQ_PM2.5TEOM_2016-2025.txt
480290622,88502,1,2020,8234,TCEQ_PM2.5TEOM_2016-2025.txt
480290622,88502,1,2021,4871,TCEQ_PM2.5TEOM_2016-2025.txt
480290622,88502,1,2022,6408,TCEQ_PM2.5TEOM_2016-2025.txt
480290622,88502,1,2023,7221,TCEQ_PM2.5TEOM_2016-2025.txt
480290622,88502,1,2024,8094,TCEQ_PM2.5TEOM_2016-2025.txt
480290622,88502,1,2025,8430,TCEQ_PM2.5TEOM_2016-2025.txt
480291091,88502,1,2020,5181,TCEQ_PM2.5TEOM_2016-2025.txt
480291091,88502,1,2021,8447,TCEQ_PM2.5TEOM_2016-2025.txt
480291091,88502,1,2022,8668,TCEQ_PM2.5TEOM_2016-2025.txt
480291091,88502,1,2023,8456,TCEQ_PM2.5TEOM_2016-2025.txt
480291091,88502,1,2024,7932,TCEQ_PM2.5TEOM_2016-2025.txt
480911088,88502,1,2019,2153,TCEQ_PM2.5TEOM_2016-2025.txt
480911088,88502,1,2020,8649,TCEQ_PM2.5TEOM_2016-2025.txt
480911088,88502,1,2021,7978,TCEQ_PM2.5TEOM_2016-2025.txt
480911088,88502,1,2022,8660,TCEQ_PM2.5TEOM_2016-2025.txt
480911088,88502,1,2023,8503,TCEQ_PM2.5TEOM_2016-2025.txt
480911088,88502,1,2024,6814,TCEQ_PM2.5TEOM_2016-2025.txt
483550083,43202,1,2016,7357,TCEQ_VOCsAutoGC_2016-2025_CCPalmNueces.txt
483550083,43202,1,2017,7473,TCEQ_VOCsAutoGC_2016-2025_CCPalmNueces.txt
483550083,43202,1,2018,7399,TCEQ_VOCsAutoGC_2016-2025_CCPalmNueces.txt
483550083,43202,1,2019,7280,TCEQ_VOCsAutoGC_2016-2025_CCPalmNueces.txt
483550083,43202,1,2020,7072,TCEQ_VOCsAutoGC_2016-2025_CCPalmNueces.txt
483550083,43202,1,2021,7170,TCEQ_VOCsAutoGC_2016-2025_CCPalmNueces.txt
483550083,43202,1,2022,7371,TCEQ_VOCsAutoGC_2016-2025_CCPalmNueces.txt
483550083,43202,1,2023,6955,TCEQ_VOCsAutoGC_2016-2025_CCPalmNueces.txt
483550083,43202,1,2024,7553,TCEQ_VOCsAutoGC_2016-2025_CCPalmNueces.txt
483550083,43202,1,2025,7480,TCEQ_VOCsAutoGC_2016-2025_CCPalmNueces.txt
483550083,43203,1,2016,7357,TCEQ_VOCsAutoGC_2016-2025_CCPalmNueces.txt
483550083,43203,1,2017,7473,TCEQ_VOCsAutoGC_2016-2025_CCPalmNueces.txt
483550083,43203,1,2018,7399,TCEQ_VOCsAutoGC_2016-2025_CCPalmNueces.txt
483550083,43203,1,2019,7359,TCEQ_VOCsAutoGC_2016-2025_CCPalmNueces.txt
483550083,43203,1,2020,7070,TCEQ_VOCsAutoGC_2016-2025_CCPalmNueces.txt
483550083,43203,1,2021,7170,TCEQ_VOCsAutoGC_2016-2025_CCPalmNueces.txt
483550083,43203,1,2022,7371,TCEQ_VOCsAutoGC_2016-2025_CCPalmNueces.txt
483550083,43203,1,2023,6955,TCEQ_VOCsAutoGC_2016-2025_CCPalmNueces.txt
483550083,43203,1,2024,7553,TCEQ_VOCsAutoGC_2016-2025_CCPalmNueces.txt
483550083,43203,1,2025,7480,TCEQ_VOCsAutoGC_2016-2025_CCPalmNueces.txt
483550083,43204,1,2016,7358,TCEQ_VOCsAutoGC_2016-2025_CCPalmNueces.txt
483550083,43204,1,2017,7473,TCEQ_VOCsAutoGC_2016-2025_CCPalmNueces.txt
483550083,43204,1,2018,7399,TCEQ_VOCsAutoGC_2016-2025_CCPalmNueces.txt
483550083,43204,1,2019,7359,TCEQ_VOCsAutoGC_2016-2025_CCPalmNueces.txt
483550083,43204,1,2020,7072,TCEQ_VOCsAutoGC_2016-2025_CCPalmNueces.txt
483550083,43204,1,2021,7170,TCEQ_VOCsAutoGC_2016-2025_CCPalmNueces.txt
483550083,43204,1,2022,7431,TCEQ_VOCsAutoGC_2016-2025_CCPalmNueces.txt
483550083,43204,1,2023,6955,TCEQ_VOCsAutoGC_2016-2025_CCPalmNueces.txt
483550083,43204,1,2024,7619,TCEQ_VOCsAutoGC_2016-2025_CCPalmNueces.txt
483550083,43204,1,2025,7480,TCEQ_VOCsAutoGC_2016-2025_CCPalmNueces.txt
483550083,43205,1,2016,7358,TCEQ_VOCsAutoGC_2016-2025_CCPalmNueces.txt
483550083,43205,1,2017,7337,TCEQ_VOCsAutoGC_2016-2025_CCPalmNueces.txt
483550083,43205,1,2018,7399,TCEQ_VOCsAutoGC_2016-2025_CCPalmNueces.txt
483550083,43205,1,2019,7317,TCEQ_VOCsAutoGC_2016-2025_CCPalmNueces.txt
483550083,43205,1,2020,6992,TCEQ_VOCsAutoGC_2016-2025_CCPalmNueces.txt
483550083,43205,1,2021,7170,TCEQ_VOCsAutoGC_2016-2025_CCPalmNueces.txt
483550083,43205,1,2022,7431,TCEQ_VOCsAutoGC_2016-2025_CCPalmNueces.txt
483550083,43205,1,2023,6955,TCEQ_VOCsAutoGC_2016-2025_CCPalmNueces.txt
483550083,43205,1,2024,7619,TCEQ_VOCsAutoGC_2016-2025_CCPalmNueces.txt
483550083,43205,1,2025,7480,TCEQ_VOCsAutoGC_2016-2025_CCPalmNueces.txt
483550083,43206,1,2016,7248,TCEQ_VOCsAutoGC_2016-2025_CCPalmNueces.txt
483550083,43206,1,2017,7447,TCEQ_VOCsAutoGC_2016-2025_CCPalmNueces.txt
483550083,43206,1,2018,7385,TCEQ_VOCsAutoGC_2016-2025_CCPalmNueces.txt
483550083,43206,1,2019,5403,TCEQ_VOCsAutoGC_2016-2025_CCPalmNueces.txt
483550083,43206,1,2020,6531,TCEQ_VOCsAutoGC_2016-2025_CCPalmNueces.txt
483550083,43206,1,2021,1301,TCEQ_VOCsAutoGC_2016-2025_CCPalmNueces.txt
483550083,43206,1,2022,4011,TCEQ_VOCsAutoGC_2016-2025_CCPalmNueces.txt
483550083,43206,1,2023,3099,TCEQ_VOCsAutoGC_2016-2025_CCPalmNueces.txt
483550083,43206,1,2024,1871,TCEQ_VOCsAutoGC_2016-2025_CCPalmNueces.txt
483550083,43206,1,2025,1480,TCEQ_VOCsAutoGC_2016-2025_CCPalmNueces.txt
483550083,43212,1,2016,7358,TCEQ_VOCsAutoGC_2016-2025_CCPalmNueces.txt
483550083,43212,1,2017,7473,TCEQ_VOCsAutoGC_2016-2025_CCPalmNueces.txt
483550083,43212,1,2018,7399,TCEQ_VOCsAutoGC_2016-2025_CCPalmNueces.txt
483550083,43212,1,2019,7317,TCEQ_VOCsAutoGC_2016-2025_CCPalmNueces.txt
483550083,43212,1,2020,6992,TCEQ_VOCsAutoGC_2016-2025_CCPalmNueces.txt
483550083,43212,1,2021,7165,TCEQ_VOCsAutoGC_2016-2025_CCPalmNueces.txt
483550083,43212,1,2022,7431,TCEQ_VOCsAutoGC_2016-2025_CCPalmNueces.txt
483550083,43212,1,2023,6955,TCEQ_VOCsAutoGC_2016-2025_CCPalmNueces.txt
483550083,43212,1,2024,7619,TCEQ_VOCsAutoGC_2016-2025_CCPalmNueces.txt
483550083,43212,1,2025,7480,TCEQ_VOCsAutoGC_2016-2025_CCPalmNueces.txt
483550083,43214,1,2016,7358,TCEQ_VOCsAutoGC_2016-2025_CCPalmNueces.txt
483550083,43214,1,2017,7473,TCEQ_VOCsAutoGC_2016-2025_CCPalmNueces.txt
483550083,43214,1,2018,7399,TCEQ_VOCsAutoGC_2016-2025_CCPalmNueces.txt
483550083,43214,1,2019,7317,TCEQ_VOCsAutoGC_2016-2025_CCPalmNueces.txt
483550083,43214,1,2020,6992,TCEQ_VOCsAutoGC_2016-2025_CCPalmNueces.txt
483550083,43214,1,2021,7170,TCEQ_VOCsAutoGC_2016-2025_CCPalmNueces.txt
483550083,43214,1,2022,7431,TCEQ_VOCsAutoGC_2016-2025_CCPalmNueces.txt
483550083,43214,1,2023,6955,TCEQ_VOCsAutoGC_2016-2025_CCPalmNueces.txt
483550083,43214,1,2024,7616,TCEQ_VOCsAutoGC_2016-2025_CCPalmNueces.txt
483550083,43214,1,2025,7480,TCEQ_VOCsAutoGC_2016-2025_CCPalmNueces.txt
483550083,43216,1,2016,7358,TCEQ_VOCsAutoGC_2016-2025_CCPalmNueces.txt
483550083,43216,1,2017,7268,TCEQ_VOCsAutoGC_2016-2025_CCPalmNueces.txt
483550083,43216,1,2018,7399,TCEQ_VOCsAutoGC_2016-2025_CCPalmNueces.txt
483550083,43216,1,2019,7359,TCEQ_VOCsAutoGC_2016-2025_CCPalmNueces.txt
483550083,43216,1,2020,7072,TCEQ_VOCsAutoGC_2016-2025_CCPalmNueces.txt
483550083,43216,1,2021,7170,TCEQ_VOCsAutoGC_2016-2025_CCPalmNueces.txt
483550083,43216,1,2022,7431,TCEQ_VOCsAutoGC_2016-2025_CCPalmNueces.txt
483550083,43216,1,2023,6955,TCEQ_VOCsAutoGC_2016-2025_CCPalmNueces.txt
483550083,43216,1,2024,7619,TCEQ_VOCsAutoGC_2016-2025_CCPalmNueces.txt
483550083,43216,1,2025,7480,TCEQ_VOCsAutoGC_2016-2025_CCPalmNueces.txt
483550083,43217,1,2016,7358,TCEQ_VOCsAutoGC_2016-2025_CCPalmNueces.txt
483550083,43217,1,2017,7268,TCEQ_VOCsAutoGC_2016-2025_CCPalmNueces.txt
483550083,43217,1,2018,7399,TCEQ_VOCsAutoGC_2016-2025_CCPalmNueces.txt
483550083,43217,1,2019,7359,TCEQ_VOCsAutoGC_2016-2025_CCPalmNueces.txt
483550083,43217,1,2020,7072,TCEQ_VOCsAutoGC_2016-2025_CCPalmNueces.txt
483550083,43217,1,2021,7170,TCEQ_VOCsAutoGC_2016-2025_CCPalmNueces.txt
483550083,43217,1,2022,7431,TCEQ_VOCsAutoGC_2016-2025_CCPalmNueces.txt
483550083,43217,1,2023,6955,TCEQ_VOCsAutoGC_2016-2025_CCPalmNueces.txt
483550083,43217,1,2024,7619,TCEQ_VOCsAutoGC_2016-2025_CCPalmNueces.txt
483550083,43217,1,2025,7480,TCEQ_VOCsAutoGC_2016-2025_CCPalmNueces.txt
483550083,43218,1,2016,7170,TCEQ_VOCsAutoGC_2016-2025_CCPalmNueces.txt
483550083,43218,1,2017,6501,TCEQ_VOCsAutoGC_2016-2025_CCPalmNueces.txt
483550083,43218,1,2018,7399,TCEQ_VOCsAutoGC_2016-2025_CCPalmNueces.txt
483550083,43218,1,2019,7359,TCEQ_VOCsAutoGC_2016-2025_CCPalmNueces.txt
483550083,43218,1,2020,6956,TCEQ_VOCsAutoGC_2016-2025_CCPalmNueces.txt
483550083,43218,1,2021,7170,TCEQ_VOCsAutoGC_2016-2025_CCPalmNueces.txt
483550083,43218,1,2022,7431,TCEQ_VOCsAutoGC_2016-2025_CCPalmNueces.txt
483550083,43218,1,2023,6955,TCEQ_VOCsAutoGC_2016-2025_CCPalmNueces.txt
483550083,43218,1,2024,7619,TCEQ_VOCsAutoGC_2016-2025_CCPalmNueces.txt
483550083,43218,1,2025,7400,TCEQ_VOCsAutoGC_2016-2025_CCPalmNueces.txt
483550083,43220,1,2016,7358,TCEQ_VOCsAutoGC_2016-2025_CCPalmNueces.txt
483550083,43220,1,2017,6805,TCEQ_VOCsAutoGC_2016-2025_CCPalmNueces.txt
483550083,43220,1,2018,7399,TCEQ_VOCsAutoGC_2016-2025_CCPalmNueces.txt
483550083,43220,1,2019,7359,TCEQ_VOCsAutoGC_2016-2025_CCPalmNueces.txt
483550083,43220,1,2020,7072,TCEQ_VOCsAutoGC_2016-2025_CCPalmNueces.txt
483550083,43220,1,2021,7170,TCEQ_VOCsAutoGC_2016-2025_CCPalmNueces.txt
483550083,43220,1,2022,7431,TCEQ_VOCsAutoGC_2016-2025_CCPalmNueces.txt
483550083,43220,1,2023,6955,TCEQ_VOCsAutoGC_2016-2025_CCPalmNueces.txt
483550083,43220,1,2024,7619,TCEQ_VOCsAutoGC_2016-2025_CCPalmNueces.txt
483550083,43220,1,2025,7480,TCEQ_VOCsAutoGC_2016-2025_CCPalmNueces.txt
483550083,43221,1,2016,7358,TCEQ_VOCsAutoGC_2016-2025_CCPalmNueces.txt
483550083,43221,1,2017,6799,TCEQ_VOCsAutoGC_2016-2025_CCPalmNueces.txt
483550083,43221,1,2018,7358,TCEQ_VOCsAutoGC_2016-2025_CCPalmNueces.txt
483550083,43221,1,2019,7359,TCEQ_VOCsAutoGC_2016-2025_CCPalmNueces.txt
483550083,43221,1,2020,7072,TCEQ_VOCsAutoGC_2016-2025_CCPalmNueces.txt
483550083,43221,1,2021,7170,TCEQ_VOCsAutoGC_2016-2025_CCPalmNueces.txt
483550083,43221,1,2022,7431,TCEQ_VOCsAutoGC_2016-2025_CCPalmNueces.txt
483550083,43221,1,2023,6955,TCEQ_VOCsAutoGC_2016-2025_CCPalmNueces.txt
483550083,43221,1,2024,7619,TCEQ_VOCsAutoGC_2016-2025_CCPalmNueces.txt
483550083,43221,1,2025,7480,TCEQ_VOCsAutoGC_2016-2025_CCPalmNueces.txt
483550083,43224,1,2016,7358,TCEQ_VOCsAutoGC_2016-2025_CCPalmNueces.txt
483550083,43224,1,2017,7268,TCEQ_VOCsAutoGC_2016-2025_CCPalmNueces.txt
483550083,43224,1,2018,7399,TCEQ_VOCsAutoGC_2016-2025_CCPalmNueces.txt
483550083,43224,1,2019,7359,TCEQ_VOCsAutoGC_2016-2025_CCPalmNueces.txt
483550083,43224,1,2020,6417,TCEQ_VOCsAutoGC_2016-2025_CCPalmNueces.txt
483550083,43224,1,2021,7170,TCEQ_VOCsAutoGC_2016-2025_CCPalmNueces.txt
483550083,43224,1,2022,7431,TCEQ_VOCsAutoGC_2016-2025_CCPalmNueces.txt
483550083,43224,1,2023,6955,TCEQ_VOCsAutoGC_2016-2025_CCPalmNueces.txt
483550083,43224,1,2024,7619,TCEQ_VOCsAutoGC_2016-2025_CCPalmNueces.txt
483550083,43224,1,2025,7400,TCEQ_VOCsAutoGC_2016-2025_CCPalmNueces.txt
483550083,43226,1,2016,7358,TCEQ_VOCsAutoGC_2016-2025_CCPalmNueces.txt
483550083,43226,1,2017,7268,TCEQ_VOCsAutoGC_2016-2025_CCPalmNueces.txt
483550083,43226,1,2018,7399,TCEQ_VOCsAutoGC_2016-2025_CCPalmNueces.txt
483550083,43226,1,2019,7359,TCEQ_VOCsAutoGC_2016-2025_CCPalmNueces.txt
483550083,43226,1,2020,6956,TCEQ_VOCsAutoGC_2016-2025_CCPalmNueces.txt
483550083,43226,1,2021,7170,TCEQ_VOCsAutoGC_2016-2025_CCPalmNueces.txt
483550083,43226,1,2022,7431,TCEQ_VOCsAutoGC_2016-2025_CCPalmNueces.txt
483550083,43226,1,2023,6955,TCEQ_VOCsAutoGC_2016-2025_CCPalmNueces.txt
483550083,43226,1,2024,7619,TCEQ_VOCsAutoGC_2016-2025_CCPalmNueces.txt
483550083,43226,1,2025,7400,TCEQ_VOCsAutoGC_2016-2025_CCPalmNueces.txt
483550083,43227,1,2016,7358,TCEQ_VOCsAutoGC_2016-2025_CCPalmNueces.txt
483550083,43227,1,2017,7268,TCEQ_VOCsAutoGC_2016-2025_CCPalmNueces.txt
483550083,43227,1,2018,7399,TCEQ_VOCsAutoGC_2016-2025_CCPalmNueces.txt
483550083,43227,1,2019,7359,TCEQ_VOCsAutoGC_2016-2025_CCPalmNueces.txt
483550083,43227,1,2020,6417,TCEQ_VOCsAutoGC_2016-2025_CCPalmNueces.txt
483550083,43227,1,2021,7170,TCEQ_VOCsAutoGC_2016-2025_CCPalmNueces.txt
483550083,43227,1,2022,7431,TCEQ_VOCsAutoGC_2016-2025_CCPalmNueces.txt
483550083,43227,1,2023,6955,TCEQ_VOCsAutoGC_2016-2025_CCPalmNueces.txt
483550083,43227,1,2024,7619,TCEQ_VOCsAutoGC_2016-2025_CCPalmNueces.txt
483550083,43227,1,2025,7400,TCEQ_VOCsAutoGC_2016-2025_CCPalmNueces.txt
483550083,43231,1,2017,6855,TCEQ_VOCsAutoGC_2016-2025_CCPalmNueces.txt
483550083,43231,1,2018,7342,TCEQ_VOCsAutoGC_2016-2025_CCPalmNueces.txt
483550083,43231,1,2019,7357,TCEQ_VOCsAutoGC_2016-2025_CCPalmNueces.txt
483550083,43231,1,2020,7129,TCEQ_VOCsAutoGC_2016-2025_CCPalmNueces.txt
483550083,43231,1,2021,7178,TCEQ_VOCsAutoGC_2016-2025_CCPalmNueces.txt
483550083,43231,1,2022,7429,TCEQ_VOCsAutoGC_2016-2025_CCPalmNueces.txt
483550083,43231,1,2023,7601,TCEQ_VOCsAutoGC_2016-2025_CCPalmNueces.txt
483550083,43231,1,2024,7600,TCEQ_VOCsAutoGC_2016-2025_CCPalmNueces.txt
483550083,43231,1,2025,7462,TCEQ_VOCsAutoGC_2016-2025_CCPalmNueces.txt
483550083,43232,1,2016,7417,TCEQ_VOCsAutoGC_2016-2025_CCPalmNueces.txt
483550083,43232,1,2017,7473,TCEQ_VOCsAutoGC_2016-2025_CCPalmNueces.txt
483550083,43232,1,2018,7398,TCEQ_VOCsAutoGC_2016-2025_CCPalmNueces.txt
483550083,43232,1,2019,7357,TCEQ_VOCsAutoGC_2016-2025_CCPalmNueces.txt
483550083,43232,1,2020,7129,TCEQ_VOCsAutoGC_2016-2025_CCPalmNueces.txt
483550083,43232,1,2021,7178,TCEQ_VOCsAutoGC_2016-2025_CCPalmNueces.txt
483550083,43232,1,2022,7429,TCEQ_VOCsAutoGC_2016-2025_CCPalmNueces.txt
483550083,43232,1,2023,7601,TCEQ_VOCsAutoGC_2016-2025_CCPalmNueces.txt
483550083,43232,1,2024,7600,TCEQ_VOCsAutoGC_2016-2025_CCPalmNueces.txt
483550083,43232,1,2025,7461,TCEQ_VOCsAutoGC_2016-2025_CCPalmNueces.txt
483550083,43233,1,2016,7417,TCEQ_VOCsAutoGC_2016-2025_CCPalmNueces.txt
483550083,43233,1,2017,7473,TCEQ_VOCsAutoGC_2016-2025_CCPalmNueces.txt
483550083,43233,1,2018,7398,TCEQ_VOCsAutoGC_2016-2025_CCPalmNueces.txt
483550083,43233,1,2019,7357,TCEQ_VOCsAutoGC_2016-2025_CCPalmNueces.txt
483550083,43233,1,2020,7129,TCEQ_VOCsAutoGC_2016-2025_CCPalmNueces.txt
483550083,43233,1,2021,7178,TCEQ_VOCsAutoGC_2016-2025_CCPalmNueces.txt
483550083,43233,1,2022,7429,TCEQ_VOCsAutoGC_2016-2025_CCPalmNueces.txt
483550083,43233,1,2023,7601,TCEQ_VOCsAutoGC_2016-2025_CCPalmNueces.txt
483550083,43233,1,2024,7600,TCEQ_VOCsAutoGC_2016-2025_CCPalmNueces.txt
483550083,43233,1,2025,7462,TCEQ_VOCsAutoGC_2016-2025_CCPalmNueces.txt
483550083,43235,1,2016,7417,TCEQ_VOCsAutoGC_2016-2025_CCPalmNueces.txt
483550083,43235,1,2017,7473,TCEQ_VOCsAutoGC_2016-2025_CCPalmNueces.txt
483550083,43235,1,2018,7398,TCEQ_VOCsAutoGC_2016-2025_CCPalmNueces.txt
483550083,43235,1,2019,7357,TCEQ_VOCsAutoGC_2016-2025_CCPalmNueces.txt
483550083,43235,1,2020,7129,TCEQ_VOCsAutoGC_2016-2025_CCPalmNueces.txt
483550083,43235,1,2021,7178,TCEQ_VOCsAutoGC_2016-2025_CCPalmNueces.txt
483550083,43235,1,2022,7429,TCEQ_VOCsAutoGC_2016-2025_CCPalmNueces.txt
483550083,43235,1,2023,7601,TCEQ_VOCsAutoGC_2016-2025_CCPalmNueces.txt
483550083,43235,1,2024,7600,TCEQ_VOCsAutoGC_2016-2025_CCPalmNueces.txt
483550083,43235,1,2025,7462,TCEQ_VOCsAutoGC_2016-2025_CCPalmNueces.txt
483550083,43238,1,2016,7417,TCEQ_VOCsAutoGC_2016-2025_CCPalmNueces.txt
483550083,43238,1,2017,7473,TCEQ_VOCsAutoGC_2016-2025_CCPalmNueces.txt
483550083,43238,1,2018,7398,TCEQ_VOCsAutoGC_2016-2025_CCPalmNueces.txt
483550083,43238,1,2019,7357,TCEQ_VOCsAutoGC_2016-2025_CCPalmNueces.txt
483550083,43238,1,2020,7129,TCEQ_VOCsAutoGC_2016-2025_CCPalmNueces.txt
483550083,43238,1,2021,7178,TCEQ_VOCsAutoGC_2016-2025_CCPalmNueces.txt
483550083,43238,1,2022,7429,TCEQ_VOCsAutoGC_2016-2025_CCPalmNueces.txt
483550083,43238,1,2023,7601,TCEQ_VOCsAutoGC_2016-2025_CCPalmNueces.txt
483550083,43238,1,2024,7543,TCEQ_VOCsAutoGC_2016-2025_CCPalmNueces.txt
483550083,43238,1,2025,7462,TCEQ_VOCsAutoGC_2016-2025_CCPalmNueces.txt
483550083,43242,1,2016,7358,TCEQ_VOCsAutoGC_2016-2025_CCPalmNueces.txt
483550083,43242,1,2017,6594,TCEQ_VOCsAutoGC_2016-2025_CCPalmNueces.txt
483550083,43242,1,2018,7358,TCEQ_VOCsAutoGC_2016-2025_CCPalmNueces.txt
483550083,43242,1,2019,7359,TCEQ_VOCsAutoGC_2016-2025_CCPalmNueces.txt
483550083,43242,1,2020,7013,TCEQ_VOCsAutoGC_2016-2025_CCPalmNueces.txt
483550083,43242,1,2021,7170,TCEQ_VOCsAutoGC_2016-2025_CCPalmNueces.txt
483550083,43242,1,2022,7431,TCEQ_VOCsAutoGC_2016-2025_CCPalmNueces.txt
483550083,43242,1,2023,6955,TCEQ_VOCsAutoGC_2016-2025_CCPalmNueces.txt
483550083,43242,1,2024,7619,TCEQ_VOCsAutoGC_2016-2025_CCPalmNueces.txt
483550083,43242,1,2025,7480,TCEQ_VOCsAutoGC_2016-2025_CCPalmNueces.txt
483550083,43243,1,2016,7358,TCEQ_VOCsAutoGC_2016-2025_CCPalmNueces.txt
483550083,43243,1,2017,7161,TCEQ_VOCsAutoGC_2016-2025_CCPalmNueces.txt
483550083,43243,1,2018,7399,TCEQ_VOCsAutoGC_2016-2025_CCPalmNueces.txt
483550083,43243,1,2019,7359,TCEQ_VOCsAutoGC_2016-2025_CCPalmNueces.txt
483550083,43243,1,2020,5721,TCEQ_VOCsAutoGC_2016-2025_CCPalmNueces.txt
483550083,43243,1,2021,7170,TCEQ_VOCsAutoGC_2016-2025_CCPalmNueces.txt
483550083,43243,1,2022,7427,TCEQ_VOCsAutoGC_2016-2025_CCPalmNueces.txt
483550083,43243,1,2023,6955,TCEQ_VOCsAutoGC_2016-2025_CCPalmNueces.txt
483550083,43243,1,2024,7619,TCEQ_VOCsAutoGC_2016-2025_CCPalmNueces.txt
483550083,43243,1,2025,7480,TCEQ_VOCsAutoGC_2016-2025_CCPalmNueces.txt
483550083,43244,1,2016,7358,TCEQ_VOCsAutoGC_2016-2025_CCPalmNueces.txt
483550083,43244,1,2017,7268,TCEQ_VOCsAutoGC_2016-2025_CCPalmNueces.txt
483550083,43244,1,2018,7399,TCEQ_VOCsAutoGC_2016-2025_CCPalmNueces.txt
483550083,43244,1,2019,7359,TCEQ_VOCsAutoGC_2016-2025_CCPalmNueces.txt
483550083,43244,1,2020,5721,TCEQ_VOCsAutoGC_2016-2025_CCPalmNueces.txt
483550083,43244,1,2021,7170,TCEQ_VOCsAutoGC_2016-2025_CCPalmNueces.txt
483550083,43244,1,2022,7431,TCEQ_VOCsAutoGC_2016-2025_CCPalmNueces.txt
483550083,43244,1,2023,6955,TCEQ_VOCsAutoGC_2016-2025_CCPalmNueces.txt
483550083,43244,1,2024,7619,TCEQ_VOCsAutoGC_2016-2025_CCPalmNueces.txt
483550083,43244,1,2025,7400,TCEQ_VOCsAutoGC_2016-2025_CCPalmNueces.txt
483550083,43247,1,2016,6139,TCEQ_VOCsAutoGC_2016-2025_CCPalmNueces.txt
483550083,43247,1,2017,6158,TCEQ_VOCsAutoGC_2016-2025_CCPalmNueces.txt
483550083,43247,1,2018,6766,TCEQ_VOCsAutoGC_2016-2025_CCPalmNueces.txt
483550083,43247,1,2019,7345,TCEQ_VOCsAutoGC_2016-2025_CCPalmNueces.txt
483550083,43247,1,2020,7094,TCEQ_VOCsAutoGC_2016-2025_CCPalmNueces.txt
483550083,43247,1,2021,7168,TCEQ_VOCsAutoGC_2016-2025_CCPalmNueces.txt
483550083,43247,1,2022,7429,TCEQ_VOCsAutoGC_2016-2025_CCPalmNueces.txt
483550083,43247,1,2023,7601,TCEQ_VOCsAutoGC_2016-2025_CCPalmNueces.txt
483550083,43247,1,2024,7600,TCEQ_VOCsAutoGC_2016-2025_CCPalmNueces.txt
483550083,43247,1,2025,7462,TCEQ_VOCsAutoGC_2016-2025_CCPalmNueces.txt
483550083,43248,1,2016,7417,TCEQ_VOCsAutoGC_2016-2025_CCPalmNueces.txt
483550083,43248,1,2017,7473,TCEQ_VOCsAutoGC_2016-2025_CCPalmNueces.txt
483550083,43248,1,2018,7398,TCEQ_VOCsAutoGC_2016-2025_CCPalmNueces.txt
483550083,43248,1,2019,7357,TCEQ_VOCsAutoGC_2016-2025_CCPalmNueces.txt
483550083,43248,1,2020,7129,TCEQ_VOCsAutoGC_2016-2025_CCPalmNueces.txt
483550083,43248,1,2021,7178,TCEQ_VOCsAutoGC_2016-2025_CCPalmNueces.txt
483550083,43248,1,2022,7429,TCEQ_VOCsAutoGC_2016-2025_CCPalmNueces.txt
483550083,43248,1,2023,7601,TCEQ_VOCsAutoGC_2016-2025_CCPalmNueces.txt
483550083,43248,1,2024,7600,TCEQ_VOCsAutoGC_2016-2025_CCPalmNueces.txt
483550083,43248,1,2025,7462,TCEQ_VOCsAutoGC_2016-2025_CCPalmNueces.txt
483550083,43249,1,2016,7417,TCEQ_VOCsAutoGC_2016-2025_CCPalmNueces.txt
483550083,43249,1,2017,7473,TCEQ_VOCsAutoGC_2016-2025_CCPalmNueces.txt
483550083,43249,1,2018,7398,TCEQ_VOCsAutoGC_2016-2025_CCPalmNueces.txt
483550083,43249,1,2019,7357,TCEQ_VOCsAutoGC_2016-2025_CCPalmNueces.txt
483550083,43249,1,2020,7128,TCEQ_VOCsAutoGC_2016-2025_CCPalmNueces.txt
483550083,43249,1,2021,7178,TCEQ_VOCsAutoGC_2016-2025_CCPalmNueces.txt
483550083,43249,1,2022,7429,TCEQ_VOCsAutoGC_2016-2025_CCPalmNueces.txt
483550083,43249,1,2023,7601,TCEQ_VOCsAutoGC_2016-2025_CCPalmNueces.txt
483550083,43249,1,2024,7600,TCEQ_VOCsAutoGC_2016-2025_CCPalmNueces.txt
483550083,43249,1,2025,7462,TCEQ_VOCsAutoGC_2016-2025_CCPalmNueces.txt
483550083,43250,1,2016,7417,TCEQ_VOCsAutoGC_2016-2025_CCPalmNueces.txt
483550083,43250,1,2017,7473,TCEQ_VOCsAutoGC_2016-2025_CCPalmNueces.txt
483550083,43250,1,2018,6737,TCEQ_VOCsAutoGC_2016-2025_CCPalmNueces.txt
483550083,43250,1,2019,7357,TCEQ_VOCsAutoGC_2016-2025_CCPalmNueces.txt
483550083,43250,1,2020,7129,TCEQ_VOCsAutoGC_2016-2025_CCPalmNueces.txt
483550083,43250,1,2021,7178,TCEQ_VOCsAutoGC_2016-2025_CCPalmNueces.txt
483550083,43250,1,2022,7429,TCEQ_VOCsAutoGC_2016-2025_CCPalmNueces.txt
483550083,43250,1,2023,7601,TCEQ_VOCsAutoGC_2016-2025_CCPalmNueces.txt
483550083,43250,1,2024,7600,TCEQ_VOCsAutoGC_2016-2025_CCPalmNueces.txt
483550083,43250,1,2025,7462,TCEQ_VOCsAutoGC_2016-2025_CCPalmNueces.txt
483550083,43252,1,2016,7417,TCEQ_VOCsAutoGC_2016-2025_CCPalmNueces.txt
483550083,43252,1,2017,7473,TCEQ_VOCsAutoGC_2016-2025_CCPalmNueces.txt
483550083,43252,1,2018,7398,TCEQ_VOCsAutoGC_2016-2025_CCPalmNueces.txt
483550083,43252,1,2019,7357,TCEQ_VOCsAutoGC_2016-2025_CCPalmNueces.txt
483550083,43252,1,2020,7129,TCEQ_VOCsAutoGC_2016-2025_CCPalmNueces.txt
483550083,43252,1,2021,7178,TCEQ_VOCsAutoGC_2016-2025_CCPalmNueces.txt
483550083,43252,1,2022,7429,TCEQ_VOCsAutoGC_2016-2025_CCPalmNueces.txt
483550083,43252,1,2023,7601,TCEQ_VOCsAutoGC_2016-2025_CCPalmNueces.txt
483550083,43252,1,2024,7600,TCEQ_VOCsAutoGC_2016-2025_CCPalmNueces.txt
483550083,43252,1,2025,7462,TCEQ_VOCsAutoGC_2016-2025_CCPalmNueces.txt
483550083,43253,1,2016,7417,TCEQ_VOCsAutoGC_2016-2025_CCPalmNueces.txt
483550083,43253,1,2017,7473,TCEQ_VOCsAutoGC_2016-2025_CCPalmNueces.txt
483550083,43253,1,2018,7398,TCEQ_VOCsAutoGC_2016-2025_CCPalmNueces.txt
483550083,43253,1,2019,7357,TCEQ_VOCsAutoGC_2016-2025_CCPalmNueces.txt
483550083,43253,1,2020,7129,TCEQ_VOCsAutoGC_2016-2025_CCPalmNueces.txt
483550083,43253,1,2021,7178,TCEQ_VOCsAutoGC_2016-2025_CCPalmNueces.txt
483550083,43253,1,2022,7429,TCEQ_VOCsAutoGC_2016-2025_CCPalmNueces.txt
483550083,43253,1,2023,7601,TCEQ_VOCsAutoGC_2016-2025_CCPalmNueces.txt
483550083,43253,1,2024,7600,TCEQ_VOCsAutoGC_2016-2025_CCPalmNueces.txt
483550083,43253,1,2025,7462,TCEQ_VOCsAutoGC_2016-2025_CCPalmNueces.txt
483550083,43261,1,2016,7417,TCEQ_VOCsAutoGC_2016-2025_CCPalmNueces.txt
483550083,43261,1,2017,7473,TCEQ_VOCsAutoGC_2016-2025_CCPalmNueces.txt
483550083,43261,1,2018,7398,TCEQ_VOCsAutoGC_2016-2025_CCPalmNueces.txt
483550083,43261,1,2019,7357,TCEQ_VOCsAutoGC_2016-2025_CCPalmNueces.txt
483550083,43261,1,2020,7129,TCEQ_VOCsAutoGC_2016-2025_CCPalmNueces.txt
483550083,43261,1,2021,7178,TCEQ_VOCsAutoGC_2016-2025_CCPalmNueces.txt
483550083,43261,1,2022,7429,TCEQ_VOCsAutoGC_2016-2025_CCPalmNueces.txt
483550083,43261,1,2023,7601,TCEQ_VOCsAutoGC_2016-2025_CCPalmNueces.txt
483550083,43261,1,2024,7600,TCEQ_VOCsAutoGC_2016-2025_CCPalmNueces.txt
483550083,43261,1,2025,7462,TCEQ_VOCsAutoGC_2016-2025_CCPalmNueces.txt
483550083,43262,1,2016,7417,TCEQ_VOCsAutoGC_2016-2025_CCPalmNueces.txt
483550083,43262,1,2017,6158,TCEQ_VOCsAutoGC_2016-2025_CCPalmNueces.txt
483550083,43262,1,2018,6766,TCEQ_VOCsAutoGC_2016-2025_CCPalmNueces.txt
483550083,43262,1,2019,7357,TCEQ_VOCsAutoGC_2016-2025_CCPalmNueces.txt
483550083,43262,1,2020,7113,TCEQ_VOCsAutoGC_2016-2025_CCPalmNueces.txt
483550083,43262,1,2021,7177,TCEQ_VOCsAutoGC_2016-2025_CCPalmNueces.txt
483550083,43262,1,2022,7429,TCEQ_VOCsAutoGC_2016-2025_CCPalmNueces.txt
483550083,43262,1,2023,7601,TCEQ_VOCsAutoGC_2016-2025_CCPalmNueces.txt
483550083,43262,1,2024,7600,TCEQ_VOCsAutoGC_2016-2025_CCPalmNueces.txt
483550083,43262,1,2025,7462,TCEQ_VOCsAutoGC_2016-2025_CCPalmNueces.txt
483550083,43263,1,2016,7417,TCEQ_VOCsAutoGC_2016-2025_CCPalmNueces.txt
483550083,43263,1,2017,6160,TCEQ_VOCsAutoGC_2016-2025_CCPalmNueces.txt
483550083,43263,1,2018,6820,TCEQ_VOCsAutoGC_2016-2025_CCPalmNueces.txt
483550083,43263,1,2019,7357,TCEQ_VOCsAutoGC_2016-2025_CCPalmNueces.txt
483550083,43263,1,2020,7116,TCEQ_VOCsAutoGC_2016-2025_CCPalmNueces.txt
483550083,43263,1,2021,7177,TCEQ_VOCsAutoGC_2016-2025_CCPalmNueces.txt
483550083,43263,1,2022,7429,TCEQ_VOCsAutoGC_2016-2025_CCPalmNueces.txt
483550083,43263,1,2023,7601,TCEQ_VOCsAutoGC_2016-2025_CCPalmNueces.txt
483550083,43263,1,2024,7600,TCEQ_VOCsAutoGC_2016-2025_CCPalmNueces.txt
483550083,43263,1,2025,7462,TCEQ_VOCsAutoGC_2016-2025_CCPalmNueces.txt
483550083,43280,1,2016,7358,TCEQ_VOCsAutoGC_2016-2025_CCPalmNueces.txt
483550083,43280,1,2017,7268,TCEQ_VOCsAutoGC_2016-2025_CCPalmNueces.txt
483550083,43280,1,2018,7399,TCEQ_VOCsAutoGC_2016-2025_CCPalmNueces.txt
483550083,43280,1,2019,7358,TCEQ_VOCsAutoGC_2016-2025_CCPalmNueces.txt
483550083,43280,1,2020,7072,TCEQ_VOCsAutoGC_2016-2025_CCPalmNueces.txt
483550083,43280,1,2021,7170,TCEQ_VOCsAutoGC_2016-2025_CCPalmNueces.txt
483550083,43280,1,2022,7431,TCEQ_VOCsAutoGC_2016-2025_CCPalmNueces.txt
483550083,43280,1,2023,6955,TCEQ_VOCsAutoGC_2016-2025_CCPalmNueces.txt
483550083,43280,1,2024,7619,TCEQ_VOCsAutoGC_2016-2025_CCPalmNueces.txt
483550083,43280,1,2025,7480,TCEQ_VOCsAutoGC_2016-2025_CCPalmNueces.txt
483550083,43291,1,2016,6754,TCEQ_VOCsAutoGC_2016-2025_CCPalmNueces.txt
483550083,43291,1,2017,6160,TCEQ_VOCsAutoGC_2016-2025_CCPalmNueces.txt
483550083,43291,1,2018,6820,TCEQ_VOCsAutoGC_2016-2025_CCPalmNueces.txt
483550083,43291,1,2019,7354,TCEQ_VOCsAutoGC_2016-2025_CCPalmNueces.txt
483550083,43291,1,2020,7111,TCEQ_VOCsAutoGC_2016-2025_CCPalmNueces.txt
483550083,43291,1,2021,7175,TCEQ_VOCsAutoGC_2016-2025_CCPalmNueces.txt
483550083,43291,1,2022,7429,TCEQ_VOCsAutoGC_2016-2025_CCPalmNueces.txt
483550083,43291,1,2023,7601,TCEQ_VOCsAutoGC_2016-2025_CCPalmNueces.txt
483550083,43291,1,2024,7600,TCEQ_VOCsAutoGC_2016-2025_CCPalmNueces.txt
483550083,43291,1,2025,7462,TCEQ_VOCsAutoGC_2016-2025_CCPalmNueces.txt
483550083,43960,1,2016,7417,TCEQ_VOCsAutoGC_2016-2025_CCPalmNueces.txt
483550083,43960,1,2017,7473,TCEQ_VOCsAutoGC_2016-2025_CCPalmNueces.txt
483550083,43960,1,2018,7398,TCEQ_VOCsAutoGC_2016-2025_CCPalmNueces.txt
483550083,43960,1,2019,7357,TCEQ_VOCsAutoGC_2016-2025_CCPalmNueces.txt
483550083,43960,1,2020,7129,TCEQ_VOCsAutoGC_2016-2025_CCPalmNueces.txt
483550083,43960,1,2021,7178,TCEQ_VOCsAutoGC_2016-2025_CCPalmNueces.txt
483550083,43960,1,2022,7429,TCEQ_VOCsAutoGC_2016-2025_CCPalmNueces.txt
483550083,43960,1,2023,7601,TCEQ_VOCsAutoGC_2016-2025_CCPalmNueces.txt
483550083,43960,1,2024,7600,TCEQ_VOCsAutoGC_2016-2025_CCPalmNueces.txt
483550083,43960,1,2025,7462,TCEQ_VOCsAutoGC_2016-2025_CCPalmNueces.txt
483550083,45109,1,2016,7417,TCEQ_VOCsAutoGC_2016-2025_CCPalmNueces.txt
483550083,45109,1,2017,7473,TCEQ_VOCsAutoGC_2016-2025_CCPalmNueces.txt
483550083,45109,1,2018,7397,TCEQ_VOCsAutoGC_2016-2025_CCPalmNueces.txt
483550083,45109,1,2019,7357,TCEQ_VOCsAutoGC_2016-2025_CCPalmNueces.txt
483550083,45109,1,2020,7129,TCEQ_VOCsAutoGC_2016-2025_CCPalmNueces.txt
483550083,45109,1,2021,6904,TCEQ_VOCsAutoGC_2016-2025_CCPalmNueces.txt
483550083,45109,1,2022,7429,TCEQ_VOCsAutoGC_2016-2025_CCPalmNueces.txt
483550083,45109,1,2023,7601,TCEQ_VOCsAutoGC_2016-2025_CCPalmNueces.txt
483550083,45109,1,2024,7600,TCEQ_VOCsAutoGC_2016-2025_CCPalmNueces.txt
483550083,45109,1,2025,7462,TCEQ_VOCsAutoGC_2016-2025_CCPalmNueces.txt
483550083,45201,1,2016,7417,TCEQ_VOCsAutoGC_2016-2025_CCPalmNueces.txt
483550083,45201,1,2017,7473,TCEQ_VOCsAutoGC_2016-2025_CCPalmNueces.txt
483550083,45201,1,2018,7398,TCEQ_VOCsAutoGC_2016-2025_CCPalmNueces.txt
483550083,45201,1,2019,7357,TCEQ_VOCsAutoGC_2016-2025_CCPalmNueces.txt
483550083,45201,1,2020,7129,TCEQ_VOCsAutoGC_2016-2025_CCPalmNueces.txt
483550083,45201,1,2021,7169,TCEQ_VOCsAutoGC_2016-2025_CCPalmNueces.txt
483550083,45201,1,2022,7429,TCEQ_VOCsAutoGC_2016-2025_CCPalmNueces.txt
483550083,45201,1,2023,7601,TCEQ_VOCsAutoGC_2016-2025_CCPalmNueces.txt
483550083,45201,1,2024,7600,TCEQ_VOCsAutoGC_2016-2025_CCPalmNueces.txt
483550083,45201,1,2025,7462,TCEQ_VOCsAutoGC_2016-2025_CCPalmNueces.txt
483550083,45202,1,2016,7417,TCEQ_VOCsAutoGC_2016-2025_CCPalmNueces.txt
483550083,45202,1,2017,7473,TCEQ_VOCsAutoGC_2016-2025_CCPalmNueces.txt
483550083,45202,1,2018,7398,TCEQ_VOCsAutoGC_2016-2025_CCPalmNueces.txt
483550083,45202,1,2019,7357,TCEQ_VOCsAutoGC_2016-2025_CCPalmNueces.txt
483550083,45202,1,2020,7129,TCEQ_VOCsAutoGC_2016-2025_CCPalmNueces.txt
483550083,45202,1,2021,7178,TCEQ_VOCsAutoGC_2016-2025_CCPalmNueces.txt
483550083,45202,1,2022,7429,TCEQ_VOCsAutoGC_2016-2025_CCPalmNueces.txt
483550083,45202,1,2023,7601,TCEQ_VOCsAutoGC_2016-2025_CCPalmNueces.txt
483550083,45202,1,2024,7600,TCEQ_VOCsAutoGC_2016-2025_CCPalmNueces.txt
483550083,45202,1,2025,7462,TCEQ_VOCsAutoGC_2016-2025_CCPalmNueces.txt
483550083,45203,1,2016,7417,TCEQ_VOCsAutoGC_2016-2025_CCPalmNueces.txt
483550083,45203,1,2017,7473,TCEQ_VOCsAutoGC_2016-2025_CCPalmNueces.txt
483550083,45203,1,2018,7398,TCEQ_VOCsAutoGC_2016-2025_CCPalmNueces.txt
483550083,45203,1,2019,7357,TCEQ_VOCsAutoGC_2016-2025_CCPalmNueces.txt
483550083,45203,1,2020,7129,TCEQ_VOCsAutoGC_2016-2025_CCPalmNueces.txt
483550083,45203,1,2021,7178,TCEQ_VOCsAutoGC_2016-2025_CCPalmNueces.txt
483550083,45203,1,2022,7429,TCEQ_VOCsAutoGC_2016-2025_CCPalmNueces.txt
483550083,45203,1,2023,7601,TCEQ_VOCsAutoGC_2016-2025_CCPalmNueces.txt
483550083,45203,1,2024,7600,TCEQ_VOCsAutoGC_2016-2025_CCPalmNueces.txt
483550083,45203,1,2025,7462,TCEQ_VOCsAutoGC_2016-2025_CCPalmNueces.txt
483550083,45204,1,2016,7417,TCEQ_VOCsAutoGC_2016-2025_CCPalmNueces.txt
483550083,45204,1,2017,7473,TCEQ_VOCsAutoGC_2016-2025_CCPalmNueces.txt
483550083,45204,1,2018,7398,TCEQ_VOCsAutoGC_2016-2025_CCPalmNueces.txt
483550083,45204,1,2019,7357,TCEQ_VOCsAutoGC_2016-2025_CCPalmNueces.txt
483550083,45204,1,2020,7129,TCEQ_VOCsAutoGC_2016-2025_CCPalmNueces.txt
483550083,45204,1,2021,7178,TCEQ_VOCsAutoGC_2016-2025_CCPalmNueces.txt
483550083,45204,1,2022,7429,TCEQ_VOCsAutoGC_2016-2025_CCPalmNueces.txt
483550083,45204,1,2023,7601,TCEQ_VOCsAutoGC_2016-2025_CCPalmNueces.txt
483550083,45204,1,2024,7600,TCEQ_VOCsAutoGC_2016-2025_CCPalmNueces.txt
483550083,45204,1,2025,7462,TCEQ_VOCsAutoGC_2016-2025_CCPalmNueces.txt
483550083,45207,1,2016,7417,TCEQ_VOCsAutoGC_2016-2025_CCPalmNueces.txt
483550083,45207,1,2017,7473,TCEQ_VOCsAutoGC_2016-2025_CCPalmNueces.txt
483550083,45207,1,2018,7398,TCEQ_VOCsAutoGC_2016-2025_CCPalmNueces.txt
483550083,45207,1,2019,7357,TCEQ_VOCsAutoGC_2016-2025_CCPalmNueces.txt
483550083,45207,1,2020,7129,TCEQ_VOCsAutoGC_2016-2025_CCPalmNueces.txt
483550083,45207,1,2021,7178,TCEQ_VOCsAutoGC_2016-2025_CCPalmNueces.txt
483550083,45207,1,2022,7429,TCEQ_VOCsAutoGC_2016-2025_CCPalmNueces.txt
483550083,45207,1,2023,7601,TCEQ_VOCsAutoGC_2016-2025_CCPalmNueces.txt
483550083,45207,1,2024,7543,TCEQ_VOCsAutoGC_2016-2025_CCPalmNueces.txt
483550083,45207,1,2025,7462,TCEQ_VOCsAutoGC_2016-2025_CCPalmNueces.txt
483550083,45208,1,2016,7417,TCEQ_VOCsAutoGC_2016-2025_CCPalmNueces.txt
483550083,45208,1,2017,7473,TCEQ_VOCsAutoGC_2016-2025_CCPalmNueces.txt
483550083,45208,1,2018,7398,TCEQ_VOCsAutoGC_2016-2025_CCPalmNueces.txt
483550083,45208,1,2019,6014,TCEQ_VOCsAutoGC_2016-2025_CCPalmNueces.txt
483550083,45208,1,2020,6954,TCEQ_VOCsAutoGC_2016-2025_CCPalmNueces.txt
483550083,45208,1,2021,1066,TCEQ_VOCsAutoGC_2016-2025_CCPalmNueces.txt
483550083,45208,1,2022,7397,TCEQ_VOCsAutoGC_2016-2025_CCPalmNueces.txt
483550083,45208,1,2023,7011,TCEQ_VOCsAutoGC_2016-2025_CCPalmNueces.txt
483550083,45208,1,2024,7322,TCEQ_VOCsAutoGC_2016-2025_CCPalmNueces.txt
483550083,45208,1,2025,7270,TCEQ_VOCsAutoGC_2016-2025_CCPalmNueces.txt
483550083,45209,1,2016,7417,TCEQ_VOCsAutoGC_2016-2025_CCPalmNueces.txt
483550083,45209,1,2017,7473,TCEQ_VOCsAutoGC_2016-2025_CCPalmNueces.txt
483550083,45209,1,2018,7398,TCEQ_VOCsAutoGC_2016-2025_CCPalmNueces.txt
483550083,45209,1,2019,6793,TCEQ_VOCsAutoGC_2016-2025_CCPalmNueces.txt
483550083,45209,1,2020,7129,TCEQ_VOCsAutoGC_2016-2025_CCPalmNueces.txt
483550083,45209,1,2021,6589,TCEQ_VOCsAutoGC_2016-2025_CCPalmNueces.txt
483550083,45209,1,2022,7405,TCEQ_VOCsAutoGC_2016-2025_CCPalmNueces.txt
483550083,45209,1,2023,7550,TCEQ_VOCsAutoGC_2016-2025_CCPalmNueces.txt
483550083,45209,1,2024,7543,TCEQ_VOCsAutoGC_2016-2025_CCPalmNueces.txt
483550083,45209,1,2025,7383,TCEQ_VOCsAutoGC_2016-2025_CCPalmNueces.txt
483550083,45210,1,2016,7417,TCEQ_VOCsAutoGC_2016-2025_CCPalmNueces.txt
483550083,45210,1,2017,7473,TCEQ_VOCsAutoGC_2016-2025_CCPalmNueces.txt
483550083,45210,1,2018,7398,TCEQ_VOCsAutoGC_2016-2025_CCPalmNueces.txt
483550083,45210,1,2019,7357,TCEQ_VOCsAutoGC_2016-2025_CCPalmNueces.txt
483550083,45210,1,2020,7129,TCEQ_VOCsAutoGC_2016-2025_CCPalmNueces.txt
483550083,45210,1,2021,7178,TCEQ_VOCsAutoGC_2016-2025_CCPalmNueces.txt
483550083,45210,1,2022,7429,TCEQ_VOCsAutoGC_2016-2025_CCPalmNueces.txt
483550083,45210,1,2023,7601,TCEQ_VOCsAutoGC_2016-2025_CCPalmNueces.txt
483550083,45210,1,2024,7600,TCEQ_VOCsAutoGC_2016-2025_CCPalmNueces.txt
483550083,45210,1,2025,7462,TCEQ_VOCsAutoGC_2016-2025_CCPalmNueces.txt
483550083,45220,1,2016,7417,TCEQ_VOCsAutoGC_2016-2025_CCPalmNueces.txt
483550083,45220,1,2017,7473,TCEQ_VOCsAutoGC_2016-2025_CCPalmNueces.txt
483550083,45220,1,2018,7398,TCEQ_VOCsAutoGC_2016-2025_CCPalmNueces.txt
483550083,45220,1,2019,7357,TCEQ_VOCsAutoGC_2016-2025_CCPalmNueces.txt
483550083,45220,1,2020,7129,TCEQ_VOCsAutoGC_2016-2025_CCPalmNueces.txt
483550083,45220,1,2021,7178,TCEQ_VOCsAutoGC_2016-2025_CCPalmNueces.txt
483550083,45220,1,2022,7429,TCEQ_VOCsAutoGC_2016-2025_CCPalmNueces.txt
483550083,45220,1,2023,7601,TCEQ_VOCsAutoGC_2016-2025_CCPalmNueces.txt
483550083,45220,1,2024,7600,TCEQ_VOCsAutoGC_2016-2025_CCPalmNueces.txt
483550083,45220,1,2025,7462,TCEQ_VOCsAutoGC_2016-2025_CCPalmNueces.txt
483550083,45225,1,2016,5499,TCEQ_VOCsAutoGC_2016-2025_CCPalmNueces.txt
483550083,45225,1,2018,4431,TCEQ_VOCsAutoGC_2016-2025_CCPalmNueces.txt
483550083,45225,1,2019,2482,TCEQ_VOCsAutoGC_2016-2025_CCPalmNueces.txt
483550083,45225,1,2020,7129,TCEQ_VOCsAutoGC_2016-2025_CCPalmNueces.txt
483550083,45225,1,2021,7178,TCEQ_VOCsAutoGC_2016-2025_CCPalmNueces.txt
483550083,45225,1,2022,7414,TCEQ_VOCsAutoGC_2016-2025_CCPalmNueces.txt
483550083,45225,1,2023,7601,TCEQ_VOCsAutoGC_2016-2025_CCPalmNueces.txt
483550083,45225,1,2024,7543,TCEQ_VOCsAutoGC_2016-2025_CCPalmNueces.txt
483550083,45225,1,2025,7462,TCEQ_VOCsAutoGC_2016-2025_CCPalmNueces.txt
483550029,43173,7,2016,58,TCEQ_VOCsCanister_2016-2025_HillcrestNueces.txt
483550029,43173,7,2017,58,TCEQ_VOCsCanister_2016-2025_HillcrestNueces.txt
483550029,43173,7,2018,59,TCEQ_VOCsCanister_2016-2025_HillcrestNueces.txt
483550029,43173,7,2019,56,TCEQ_VOCsCanister_2016-2025_HillcrestNueces.txt
483550029,43173,7,2020,51,TCEQ_VOCsCanister_2016-2025_HillcrestNueces.txt
483550029,43173,7,2021,57,TCEQ_VOCsCanister_2016-2025_HillcrestNueces.txt
483550029,43173,7,2022,56,TCEQ_VOCsCanister_2016-2025_HillcrestNueces.txt
483550029,43173,7,2023,56,TCEQ_VOCsCanister_2016-2025_HillcrestNueces.txt
483550029,43173,7,2024,61,TCEQ_VOCsCanister_2016-2025_HillcrestNueces.txt
483550029,43173,7,2025,44,TCEQ_VOCsCanister_2016-2025_HillcrestNueces.txt
483550029,43202,7,2016,58,TCEQ_VOCsCanister_2016-2025_HillcrestNueces.txt
483550029,43202,7,2017,58,TCEQ_VOCsCanister_2016-2025_HillcrestNueces.txt
483550029,43202,7,2018,59,TCEQ_VOCsCanister_2016-2025_HillcrestNueces.txt
483550029,43202,7,2019,56,TCEQ_VOCsCanister_2016-2025_HillcrestNueces.txt
483550029,43202,7,2020,51,TCEQ_VOCsCanister_2016-2025_HillcrestNueces.txt
483550029,43202,7,2021,57,TCEQ_VOCsCanister_2016-2025_HillcrestNueces.txt
483550029,43202,7,2022,56,TCEQ_VOCsCanister_2016-2025_HillcrestNueces.txt
483550029,43202,7,2023,56,TCEQ_VOCsCanister_2016-2025_HillcrestNueces.txt
483550029,43202,7,2024,61,TCEQ_VOCsCanister_2016-2025_HillcrestNueces.txt
483550029,43202,7,2025,44,TCEQ_VOCsCanister_2016-2025_HillcrestNueces.txt
483550029,43203,7,2016,58,TCEQ_VOCsCanister_2016-2025_HillcrestNueces.txt
483550029,43203,7,2017,58,TCEQ_VOCsCanister_2016-2025_HillcrestNueces.txt
483550029,43203,7,2018,59,TCEQ_VOCsCanister_2016-2025_HillcrestNueces.txt
483550029,43203,7,2019,56,TCEQ_VOCsCanister_2016-2025_HillcrestNueces.txt
483550029,43203,7,2020,51,TCEQ_VOCsCanister_2016-2025_HillcrestNueces.txt
483550029,43203,7,2021,57,TCEQ_VOCsCanister_2016-2025_HillcrestNueces.txt
483550029,43203,7,2022,56,TCEQ_VOCsCanister_2016-2025_HillcrestNueces.txt
483550029,43203,7,2023,56,TCEQ_VOCsCanister_2016-2025_HillcrestNueces.txt
483550029,43203,7,2024,61,TCEQ_VOCsCanister_2016-2025_HillcrestNueces.txt
483550029,43203,7,2025,44,TCEQ_VOCsCanister_2016-2025_HillcrestNueces.txt
483550029,43204,7,2016,58,TCEQ_VOCsCanister_2016-2025_HillcrestNueces.txt
483550029,43204,7,2017,58,TCEQ_VOCsCanister_2016-2025_HillcrestNueces.txt
483550029,43204,7,2018,59,TCEQ_VOCsCanister_2016-2025_HillcrestNueces.txt
483550029,43204,7,2019,56,TCEQ_VOCsCanister_2016-2025_HillcrestNueces.txt
483550029,43204,7,2020,51,TCEQ_VOCsCanister_2016-2025_HillcrestNueces.txt
483550029,43204,7,2021,57,TCEQ_VOCsCanister_2016-2025_HillcrestNueces.txt
483550029,43204,7,2022,56,TCEQ_VOCsCanister_2016-2025_HillcrestNueces.txt
483550029,43204,7,2023,56,TCEQ_VOCsCanister_2016-2025_HillcrestNueces.txt
483550029,43204,7,2024,61,TCEQ_VOCsCanister_2016-2025_HillcrestNueces.txt
483550029,43204,7,2025,44,TCEQ_VOCsCanister_2016-2025_HillcrestNueces.txt
483550029,43205,7,2016,58,TCEQ_VOCsCanister_2016-2025_HillcrestNueces.txt
483550029,43205,7,2017,58,TCEQ_VOCsCanister_2016-2025_HillcrestNueces.txt
483550029,43205,7,2018,59,TCEQ_VOCsCanister_2016-2025_HillcrestNueces.txt
483550029,43205,7,2019,56,TCEQ_VOCsCanister_2016-2025_HillcrestNueces.txt
483550029,43205,7,2020,51,TCEQ_VOCsCanister_2016-2025_HillcrestNueces.txt
483550029,43205,7,2021,57,TCEQ_VOCsCanister_2016-2025_HillcrestNueces.txt
483550029,43205,7,2022,56,TCEQ_VOCsCanister_2016-2025_HillcrestNueces.txt
483550029,43205,7,2023,56,TCEQ_VOCsCanister_2016-2025_HillcrestNueces.txt
483550029,43205,7,2024,61,TCEQ_VOCsCanister_2016-2025_HillcrestNueces.txt
483550029,43205,7,2025,44,TCEQ_VOCsCanister_2016-2025_HillcrestNueces.txt
483550029,43206,7,2016,58,TCEQ_VOCsCanister_2016-2025_HillcrestNueces.txt
483550029,43206,7,2017,58,TCEQ_VOCsCanister_2016-2025_HillcrestNueces.txt
483550029,43206,7,2018,59,TCEQ_VOCsCanister_2016-2025_HillcrestNueces.txt
483550029,43206,7,2019,56,TCEQ_VOCsCanister_2016-2025_HillcrestNueces.txt
483550029,43206,7,2020,51,TCEQ_VOCsCanister_2016-2025_HillcrestNueces.txt
483550029,43206,7,2021,57,TCEQ_VOCsCanister_2016-2025_HillcrestNueces.txt
483550029,43206,7,2022,56,TCEQ_VOCsCanister_2016-2025_HillcrestNueces.txt
483550029,43206,7,2023,56,TCEQ_VOCsCanister_2016-2025_HillcrestNueces.txt
483550029,43206,7,2024,61,TCEQ_VOCsCanister_2016-2025_HillcrestNueces.txt
483550029,43206,7,2025,44,TCEQ_VOCsCanister_2016-2025_HillcrestNueces.txt
483550029,43212,7,2016,58,TCEQ_VOCsCanister_2016-2025_HillcrestNueces.txt
483550029,43212,7,2017,58,TCEQ_VOCsCanister_2016-2025_HillcrestNueces.txt
483550029,43212,7,2018,59,TCEQ_VOCsCanister_2016-2025_HillcrestNueces.txt
483550029,43212,7,2019,56,TCEQ_VOCsCanister_2016-2025_HillcrestNueces.txt
483550029,43212,7,2020,51,TCEQ_VOCsCanister_2016-2025_HillcrestNueces.txt
483550029,43212,7,2021,57,TCEQ_VOCsCanister_2016-2025_HillcrestNueces.txt
483550029,43212,7,2022,56,TCEQ_VOCsCanister_2016-2025_HillcrestNueces.txt
483550029,43212,7,2023,56,TCEQ_VOCsCanister_2016-2025_HillcrestNueces.txt
483550029,43212,7,2024,61,TCEQ_VOCsCanister_2016-2025_HillcrestNueces.txt
483550029,43212,7,2025,44,TCEQ_VOCsCanister_2016-2025_HillcrestNueces.txt
483550029,43214,7,2016,58,TCEQ_VOCsCanister_2016-2025_HillcrestNueces.txt
483550029,43214,7,2017,58,TCEQ_VOCsCanister_2016-2025_HillcrestNueces.txt
483550029,43214,7,2018,59,TCEQ_VOCsCanister_2016-2025_HillcrestNueces.txt
483550029,43214,7,2019,56,TCEQ_VOCsCanister_2016-2025_HillcrestNueces.txt
483550029,43214,7,2020,51,TCEQ_VOCsCanister_2016-2025_HillcrestNueces.txt
483550029,43214,7,2021,57,TCEQ_VOCsCanister_2016-2025_HillcrestNueces.txt
483550029,43214,7,2022,56,TCEQ_VOCsCanister_2016-2025_HillcrestNueces.txt
483550029,43214,7,2023,56,TCEQ_VOCsCanister_2016-2025_HillcrestNueces.txt
483550029,43214,7,2024,61,TCEQ_VOCsCanister_2016-2025_HillcrestNueces.txt
483550029,43214,7,2025,44,TCEQ_VOCsCanister_2016-2025_HillcrestNueces.txt
483550029,43216,7,2016,58,TCEQ_VOCsCanister_2016-2025_HillcrestNueces.txt
483550029,43216,7,2017,58,TCEQ_VOCsCanister_2016-2025_HillcrestNueces.txt
483550029,43216,7,2018,59,TCEQ_VOCsCanister_2016-2025_HillcrestNueces.txt
483550029,43216,7,2019,56,TCEQ_VOCsCanister_2016-2025_HillcrestNueces.txt
483550029,43216,7,2020,51,TCEQ_VOCsCanister_2016-2025_HillcrestNueces.txt
483550029,43216,7,2021,57,TCEQ_VOCsCanister_2016-2025_HillcrestNueces.txt
483550029,43216,7,2022,56,TCEQ_VOCsCanister_2016-2025_HillcrestNueces.txt
483550029,43216,7,2023,56,TCEQ_VOCsCanister_2016-2025_HillcrestNueces.txt
483550029,43216,7,2024,61,TCEQ_VOCsCanister_2016-2025_HillcrestNueces.txt
483550029,43216,7,2025,44,TCEQ_VOCsCanister_2016-2025_HillcrestNueces.txt
483550029,43217,7,2016,58,TCEQ_VOCsCanister_2016-2025_HillcrestNueces.txt
483550029,43217,7,2017,58,TCEQ_VOCsCanister_2016-2025_HillcrestNueces.txt
483550029,43217,7,2018,59,TCEQ_VOCsCanister_2016-2025_HillcrestNueces.txt
483550029,43217,7,2019,56,TCEQ_VOCsCanister_2016-2025_HillcrestNueces.txt
483550029,43217,7,2020,51,TCEQ_VOCsCanister_2016-2025_HillcrestNueces.txt
483550029,43217,7,2021,57,TCEQ_VOCsCanister_2016-2025_HillcrestNueces.txt
483550029,43217,7,2022,56,TCEQ_VOCsCanister_2016-2025_HillcrestNueces.txt
483550029,43217,7,2023,56,TCEQ_VOCsCanister_2016-2025_HillcrestNueces.txt
483550029,43217,7,2024,61,TCEQ_VOCsCanister_2016-2025_HillcrestNueces.txt
483550029,43217,7,2025,44,TCEQ_VOCsCanister_2016-2025_HillcrestNueces.txt
483550029,43218,7,2016,58,TCEQ_VOCsCanister_2016-2025_HillcrestNueces.txt
483550029,43218,7,2017,58,TCEQ_VOCsCanister_2016-2025_HillcrestNueces.txt
483550029,43218,7,2018,59,TCEQ_VOCsCanister_2016-2025_HillcrestNueces.txt
483550029,43218,7,2019,56,TCEQ_VOCsCanister_2016-2025_HillcrestNueces.txt
483550029,43218,7,2020,51,TCEQ_VOCsCanister_2016-2025_HillcrestNueces.txt
483550029,43218,7,2021,57,TCEQ_VOCsCanister_2016-2025_HillcrestNueces.txt
483550029,43218,7,2022,56,TCEQ_VOCsCanister_2016-2025_HillcrestNueces.txt
483550029,43218,7,2023,56,TCEQ_VOCsCanister_2016-2025_HillcrestNueces.txt
483550029,43218,7,2024,61,TCEQ_VOCsCanister_2016-2025_HillcrestNueces.txt
483550029,43218,7,2025,44,TCEQ_VOCsCanister_2016-2025_HillcrestNueces.txt
483550029,43220,7,2016,58,TCEQ_VOCsCanister_2016-2025_HillcrestNueces.txt
483550029,43220,7,2017,58,TCEQ_VOCsCanister_2016-2025_HillcrestNueces.txt
483550029,43220,7,2018,59,TCEQ_VOCsCanister_2016-2025_HillcrestNueces.txt
483550029,43220,7,2019,56,TCEQ_VOCsCanister_2016-2025_HillcrestNueces.txt
483550029,43220,7,2020,51,TCEQ_VOCsCanister_2016-2025_HillcrestNueces.txt
483550029,43220,7,2021,57,TCEQ_VOCsCanister_2016-2025_HillcrestNueces.txt
483550029,43220,7,2022,56,TCEQ_VOCsCanister_2016-2025_HillcrestNueces.txt
483550029,43220,7,2023,56,TCEQ_VOCsCanister_2016-2025_HillcrestNueces.txt
483550029,43220,7,2024,61,TCEQ_VOCsCanister_2016-2025_HillcrestNueces.txt
483550029,43220,7,2025,44,TCEQ_VOCsCanister_2016-2025_HillcrestNueces.txt
483550029,43221,7,2016,58,TCEQ_VOCsCanister_2016-2025_HillcrestNueces.txt
483550029,43221,7,2017,58,TCEQ_VOCsCanister_2016-2025_HillcrestNueces.txt
483550029,43221,7,2018,59,TCEQ_VOCsCanister_2016-2025_HillcrestNueces.txt
483550029,43221,7,2019,56,TCEQ_VOCsCanister_2016-2025_HillcrestNueces.txt
483550029,43221,7,2020,51,TCEQ_VOCsCanister_2016-2025_HillcrestNueces.txt
483550029,43221,7,2021,57,TCEQ_VOCsCanister_2016-2025_HillcrestNueces.txt
483550029,43221,7,2022,56,TCEQ_VOCsCanister_2016-2025_HillcrestNueces.txt
483550029,43221,7,2023,56,TCEQ_VOCsCanister_2016-2025_HillcrestNueces.txt
483550029,43221,7,2024,61,TCEQ_VOCsCanister_2016-2025_HillcrestNueces.txt
483550029,43221,7,2025,44,TCEQ_VOCsCanister_2016-2025_HillcrestNueces.txt
483550029,43224,7,2016,58,TCEQ_VOCsCanister_2016-2025_HillcrestNueces.txt
483550029,43224,7,2017,58,TCEQ_VOCsCanister_2016-2025_HillcrestNueces.txt
483550029,43224,7,2018,59,TCEQ_VOCsCanister_2016-2025_HillcrestNueces.txt
483550029,43224,7,2019,56,TCEQ_VOCsCanister_2016-2025_HillcrestNueces.txt
483550029,43224,7,2020,51,TCEQ_VOCsCanister_2016-2025_HillcrestNueces.txt
483550029,43224,7,2021,57,TCEQ_VOCsCanister_2016-2025_HillcrestNueces.txt
483550029,43224,7,2022,56,TCEQ_VOCsCanister_2016-2025_HillcrestNueces.txt
483550029,43224,7,2023,56,TCEQ_VOCsCanister_2016-2025_HillcrestNueces.txt
483550029,43224,7,2024,61,TCEQ_VOCsCanister_2016-2025_HillcrestNueces.txt
483550029,43224,7,2025,44,TCEQ_VOCsCanister_2016-2025_HillcrestNueces.txt
483550029,43226,7,2016,58,TCEQ_VOCsCanister_2016-2025_HillcrestNueces.txt
483550029,43226,7,2017,58,TCEQ_VOCsCanister_2016-2025_HillcrestNueces.txt
483550029,43226,7,2018,59,TCEQ_VOCsCanister_2016-2025_HillcrestNueces.txt
483550029,43226,7,2019,56,TCEQ_VOCsCanister_2016-2025_HillcrestNueces.txt
483550029,43226,7,2020,51,TCEQ_VOCsCanister_2016-2025_HillcrestNueces.txt
483550029,43226,7,2021,57,TCEQ_VOCsCanister_2016-2025_HillcrestNueces.txt
483550029,43226,7,2022,56,TCEQ_VOCsCanister_2016-2025_HillcrestNueces.txt
483550029,43226,7,2023,56,TCEQ_VOCsCanister_2016-2025_HillcrestNueces.txt
483550029,43226,7,2024,61,TCEQ_VOCsCanister_2016-2025_HillcrestNueces.txt
483550029,43226,7,2025,44,TCEQ_VOCsCanister_2016-2025_HillcrestNueces.txt
483550029,43227,7,2016,58,TCEQ_VOCsCanister_2016-2025_HillcrestNueces.txt
483550029,43227,7,2017,58,TCEQ_VOCsCanister_2016-2025_HillcrestNueces.txt
483550029,43227,7,2018,59,TCEQ_VOCsCanister_2016-2025_HillcrestNueces.txt
483550029,43227,7,2019,56,TCEQ_VOCsCanister_2016-2025_HillcrestNueces.txt
483550029,43227,7,2020,51,TCEQ_VOCsCanister_2016-2025_HillcrestNueces.txt
483550029,43227,7,2021,57,TCEQ_VOCsCanister_2016-2025_HillcrestNueces.txt
483550029,43227,7,2022,56,TCEQ_VOCsCanister_2016-2025_HillcrestNueces.txt
483550029,43227,7,2023,56,TCEQ_VOCsCanister_2016-2025_HillcrestNueces.txt
483550029,43227,7,2024,61,TCEQ_VOCsCanister_2016-2025_HillcrestNueces.txt
483550029,43227,7,2025,44,TCEQ_VOCsCanister_2016-2025_HillcrestNueces.txt
483550029,43228,7,2016,58,TCEQ_VOCsCanister_2016-2025_HillcrestNueces.txt
483550029,43228,7,2017,58,TCEQ_VOCsCanister_2016-2025_HillcrestNueces.txt
483550029,43228,7,2018,59,TCEQ_VOCsCanister_2016-2025_HillcrestNueces.txt
483550029,43228,7,2019,56,TCEQ_VOCsCanister_2016-2025_HillcrestNueces.txt
483550029,43228,7,2020,51,TCEQ_VOCsCanister_2016-2025_HillcrestNueces.txt
483550029,43228,7,2021,57,TCEQ_VOCsCanister_2016-2025_HillcrestNueces.txt
483550029,43228,7,2022,56,TCEQ_VOCsCanister_2016-2025_HillcrestNueces.txt
483550029,43228,7,2023,56,TCEQ_VOCsCanister_2016-2025_HillcrestNueces.txt
483550029,43228,7,2024,61,TCEQ_VOCsCanister_2016-2025_HillcrestNueces.txt
483550029,43228,7,2025,44,TCEQ_VOCsCanister_2016-2025_HillcrestNueces.txt
483550029,43230,7,2016,58,TCEQ_VOCsCanister_2016-2025_HillcrestNueces.txt
483550029,43230,7,2017,58,TCEQ_VOCsCanister_2016-2025_HillcrestNueces.txt
483550029,43230,7,2018,59,TCEQ_VOCsCanister_2016-2025_HillcrestNueces.txt
483550029,43230,7,2019,56,TCEQ_VOCsCanister_2016-2025_HillcrestNueces.txt
483550029,43230,7,2020,51,TCEQ_VOCsCanister_2016-2025_HillcrestNueces.txt
483550029,43230,7,2021,57,TCEQ_VOCsCanister_2016-2025_HillcrestNueces.txt
483550029,43230,7,2022,56,TCEQ_VOCsCanister_2016-2025_HillcrestNueces.txt
483550029,43230,7,2023,56,TCEQ_VOCsCanister_2016-2025_HillcrestNueces.txt
483550029,43230,7,2024,61,TCEQ_VOCsCanister_2016-2025_HillcrestNueces.txt
483550029,43230,7,2025,44,TCEQ_VOCsCanister_2016-2025_HillcrestNueces.txt
483550029,43231,7,2016,58,TCEQ_VOCsCanister_2016-2025_HillcrestNueces.txt
483550029,43231,7,2017,58,TCEQ_VOCsCanister_2016-2025_HillcrestNueces.txt
483550029,43231,7,2018,59,TCEQ_VOCsCanister_2016-2025_HillcrestNueces.txt
483550029,43231,7,2019,56,TCEQ_VOCsCanister_2016-2025_HillcrestNueces.txt
483550029,43231,7,2020,51,TCEQ_VOCsCanister_2016-2025_HillcrestNueces.txt
483550029,43231,7,2021,57,TCEQ_VOCsCanister_2016-2025_HillcrestNueces.txt
483550029,43231,7,2022,56,TCEQ_VOCsCanister_2016-2025_HillcrestNueces.txt
483550029,43231,7,2023,56,TCEQ_VOCsCanister_2016-2025_HillcrestNueces.txt
483550029,43231,7,2024,61,TCEQ_VOCsCanister_2016-2025_HillcrestNueces.txt
483550029,43231,7,2025,44,TCEQ_VOCsCanister_2016-2025_HillcrestNueces.txt
483550029,43232,7,2016,58,TCEQ_VOCsCanister_2016-2025_HillcrestNueces.txt
483550029,43232,7,2017,58,TCEQ_VOCsCanister_2016-2025_HillcrestNueces.txt
483550029,43232,7,2018,59,TCEQ_VOCsCanister_2016-2025_HillcrestNueces.txt
483550029,43232,7,2019,56,TCEQ_VOCsCanister_2016-2025_HillcrestNueces.txt
483550029,43232,7,2020,51,TCEQ_VOCsCanister_2016-2025_HillcrestNueces.txt
483550029,43232,7,2021,57,TCEQ_VOCsCanister_2016-2025_HillcrestNueces.txt
483550029,43232,7,2022,56,TCEQ_VOCsCanister_2016-2025_HillcrestNueces.txt
483550029,43232,7,2023,56,TCEQ_VOCsCanister_2016-2025_HillcrestNueces.txt
483550029,43232,7,2024,61,TCEQ_VOCsCanister_2016-2025_HillcrestNueces.txt
483550029,43232,7,2025,44,TCEQ_VOCsCanister_2016-2025_HillcrestNueces.txt
483550029,43233,7,2016,58,TCEQ_VOCsCanister_2016-2025_HillcrestNueces.txt
483550029,43233,7,2017,58,TCEQ_VOCsCanister_2016-2025_HillcrestNueces.txt
483550029,43233,7,2018,59,TCEQ_VOCsCanister_2016-2025_HillcrestNueces.txt
483550029,43233,7,2019,56,TCEQ_VOCsCanister_2016-2025_HillcrestNueces.txt
483550029,43233,7,2020,51,TCEQ_VOCsCanister_2016-2025_HillcrestNueces.txt
483550029,43233,7,2021,57,TCEQ_VOCsCanister_2016-2025_HillcrestNueces.txt
483550029,43233,7,2022,56,TCEQ_VOCsCanister_2016-2025_HillcrestNueces.txt
483550029,43233,7,2023,56,TCEQ_VOCsCanister_2016-2025_HillcrestNueces.txt
483550029,43233,7,2024,61,TCEQ_VOCsCanister_2016-2025_HillcrestNueces.txt
483550029,43233,7,2025,44,TCEQ_VOCsCanister_2016-2025_HillcrestNueces.txt
483550029,43234,7,2016,58,TCEQ_VOCsCanister_2016-2025_HillcrestNueces.txt
483550029,43234,7,2017,58,TCEQ_VOCsCanister_2016-2025_HillcrestNueces.txt
483550029,43234,7,2018,59,TCEQ_VOCsCanister_2016-2025_HillcrestNueces.txt
483550029,43234,7,2019,56,TCEQ_VOCsCanister_2016-2025_HillcrestNueces.txt
483550029,43234,7,2020,51,TCEQ_VOCsCanister_2016-2025_HillcrestNueces.txt
483550029,43234,7,2021,57,TCEQ_VOCsCanister_2016-2025_HillcrestNueces.txt
483550029,43234,7,2022,56,TCEQ_VOCsCanister_2016-2025_HillcrestNueces.txt
483550029,43234,7,2023,56,TCEQ_VOCsCanister_2016-2025_HillcrestNueces.txt
483550029,43234,7,2024,61,TCEQ_VOCsCanister_2016-2025_HillcrestNueces.txt
483550029,43234,7,2025,44,TCEQ_VOCsCanister_2016-2025_HillcrestNueces.txt
483550029,43235,7,2016,58,TCEQ_VOCsCanister_2016-2025_HillcrestNueces.txt
483550029,43235,7,2017,58,TCEQ_VOCsCanister_2016-2025_HillcrestNueces.txt
483550029,43235,7,2018,59,TCEQ_VOCsCanister_2016-2025_HillcrestNueces.txt
483550029,43235,7,2019,56,TCEQ_VOCsCanister_2016-2025_HillcrestNueces.txt
483550029,43235,7,2020,51,TCEQ_VOCsCanister_2016-2025_HillcrestNueces.txt
483550029,43235,7,2021,57,TCEQ_VOCsCanister_2016-2025_HillcrestNueces.txt
483550029,43235,7,2022,56,TCEQ_VOCsCanister_2016-2025_HillcrestNueces.txt
483550029,43235,7,2023,56,TCEQ_VOCsCanister_2016-2025_HillcrestNueces.txt
483550029,43235,7,2024,61,TCEQ_VOCsCanister_2016-2025_HillcrestNueces.txt
483550029,43235,7,2025,44,TCEQ_VOCsCanister_2016-2025_HillcrestNueces.txt
483550029,43238,7,2016,58,TCEQ_VOCsCanister_2016-2025_HillcrestNueces.txt
483550029,43238,7,2017,58,TCEQ_VOCsCanister_2016-2025_HillcrestNueces.txt
483550029,43238,7,2018,59,TCEQ_VOCsCanister_2016-2025_HillcrestNueces.txt
483550029,43238,7,2019,56,TCEQ_VOCsCanister_2016-2025_HillcrestNueces.txt
483550029,43238,7,2020,51,TCEQ_VOCsCanister_2016-2025_HillcrestNueces.txt
483550029,43238,7,2021,57,TCEQ_VOCsCanister_2016-2025_HillcrestNueces.txt
483550029,43238,7,2022,56,TCEQ_VOCsCanister_2016-2025_HillcrestNueces.txt
483550029,43238,7,2023,56,TCEQ_VOCsCanister_2016-2025_HillcrestNueces.txt
483550029,43238,7,2024,61,TCEQ_VOCsCanister_2016-2025_HillcrestNueces.txt
483550029,43238,7,2025,44,TCEQ_VOCsCanister_2016-2025_HillcrestNueces.txt
483550029,43242,7,2016,58,TCEQ_VOCsCanister_2016-2025_HillcrestNueces.txt
483550029,43242,7,2017,58,TCEQ_VOCsCanister_2016-2025_HillcrestNueces.txt
483550029,43242,7,2018,59,TCEQ_VOCsCanister_2016-2025_HillcrestNueces.txt
483550029,43242,7,2019,56,TCEQ_VOCsCanister_2016-2025_HillcrestNueces.txt
483550029,43242,7,2020,51,TCEQ_VOCsCanister_2016-2025_HillcrestNueces.txt
483550029,43242,7,2021,57,TCEQ_VOCsCanister_2016-2025_HillcrestNueces.txt
483550029,43242,7,2022,56,TCEQ_VOCsCanister_2016-2025_HillcrestNueces.txt
483550029,43242,7,2023,56,TCEQ_VOCsCanister_2016-2025_HillcrestNueces.txt
483550029,43242,7,2024,61,TCEQ_VOCsCanister_2016-2025_HillcrestNueces.txt
483550029,43242,7,2025,44,TCEQ_VOCsCanister_2016-2025_HillcrestNueces.txt
483550029,43243,7,2016,58,TCEQ_VOCsCanister_2016-2025_HillcrestNueces.txt
483550029,43243,7,2017,58,TCEQ_VOCsCanister_2016-2025_HillcrestNueces.txt
483550029,43243,7,2018,59,TCEQ_VOCsCanister_2016-2025_HillcrestNueces.txt
483550029,43243,7,2019,56,TCEQ_VOCsCanister_2016-2025_HillcrestNueces.txt
483550029,43243,7,2020,51,TCEQ_VOCsCanister_2016-2025_HillcrestNueces.txt
483550029,43243,7,2021,57,TCEQ_VOCsCanister_2016-2025_HillcrestNueces.txt
483550029,43243,7,2022,56,TCEQ_VOCsCanister_2016-2025_HillcrestNueces.txt
483550029,43243,7,2023,56,TCEQ_VOCsCanister_2016-2025_HillcrestNueces.txt
483550029,43243,7,2024,61,TCEQ_VOCsCanister_2016-2025_HillcrestNueces.txt
483550029,43243,7,2025,44,TCEQ_VOCsCanister_2016-2025_HillcrestNueces.txt
483550029,43244,7,2016,58,TCEQ_VOCsCanister_2016-2025_HillcrestNueces.txt
483550029,43244,7,2017,58,TCEQ_VOCsCanister_2016-2025_HillcrestNueces.txt
483550029,43244,7,2018,59,TCEQ_VOCsCanister_2016-2025_HillcrestNueces.txt
483550029,43244,7,2019,56,TCEQ_VOCsCanister_2016-2025_HillcrestNueces.txt
483550029,43244,7,2020,51,TCEQ_VOCsCanister_2016-2025_HillcrestNueces.txt
483550029,43244,7,2021,57,TCEQ_VOCsCanister_2016-2025_HillcrestNueces.txt
483550029,43244,7,2022,56,TCEQ_VOCsCanister_2016-2025_HillcrestNueces.txt
483550029,43244,7,2023,56,TCEQ_VOCsCanister_2016-2025_HillcrestNueces.txt
483550029,43244,7,2024,61,TCEQ_VOCsCanister_2016-2025_HillcrestNueces.txt
483550029,43244,7,2025,44,TCEQ_VOCsCanister_2016-2025_HillcrestNueces.txt
483550029,43247,7,2016,58,TCEQ_VOCsCanister_2016-2025_HillcrestNueces.txt
483550029,43247,7,2017,58,TCEQ_VOCsCanister_2016-2025_HillcrestNueces.txt
483550029,43247,7,2018,59,TCEQ_VOCsCanister_2016-2025_HillcrestNueces.txt
483550029,43247,7,2019,56,TCEQ_VOCsCanister_2016-2025_HillcrestNueces.txt
483550029,43247,7,2020,51,TCEQ_VOCsCanister_2016-2025_HillcrestNueces.txt
483550029,43247,7,2021,57,TCEQ_VOCsCanister_2016-2025_HillcrestNueces.txt
483550029,43247,7,2022,56,TCEQ_VOCsCanister_2016-2025_HillcrestNueces.txt
483550029,43247,7,2023,56,TCEQ_VOCsCanister_2016-2025_HillcrestNueces.txt
483550029,43247,7,2024,61,TCEQ_VOCsCanister_2016-2025_HillcrestNueces.txt
483550029,43247,7,2025,44,TCEQ_VOCsCanister_2016-2025_HillcrestNueces.txt
483550029,43248,7,2016,58,TCEQ_VOCsCanister_2016-2025_HillcrestNueces.txt
483550029,43248,7,2017,58,TCEQ_VOCsCanister_2016-2025_HillcrestNueces.txt
483550029,43248,7,2018,59,TCEQ_VOCsCanister_2016-2025_HillcrestNueces.txt
483550029,43248,7,2019,56,TCEQ_VOCsCanister_2016-2025_HillcrestNueces.txt
483550029,43248,7,2020,51,TCEQ_VOCsCanister_2016-2025_HillcrestNueces.txt
483550029,43248,7,2021,57,TCEQ_VOCsCanister_2016-2025_HillcrestNueces.txt
483550029,43248,7,2022,56,TCEQ_VOCsCanister_2016-2025_HillcrestNueces.txt
483550029,43248,7,2023,56,TCEQ_VOCsCanister_2016-2025_HillcrestNueces.txt
483550029,43248,7,2024,61,TCEQ_VOCsCanister_2016-2025_HillcrestNueces.txt
483550029,43248,7,2025,44,TCEQ_VOCsCanister_2016-2025_HillcrestNueces.txt
483550029,43249,7,2016,58,TCEQ_VOCsCanister_2016-2025_HillcrestNueces.txt
483550029,43249,7,2017,58,TCEQ_VOCsCanister_2016-2025_HillcrestNueces.txt
483550029,43249,7,2018,59,TCEQ_VOCsCanister_2016-2025_HillcrestNueces.txt
483550029,43249,7,2019,56,TCEQ_VOCsCanister_2016-2025_HillcrestNueces.txt
483550029,43249,7,2020,51,TCEQ_VOCsCanister_2016-2025_HillcrestNueces.txt
483550029,43249,7,2021,57,TCEQ_VOCsCanister_2016-2025_HillcrestNueces.txt
483550029,43249,7,2022,56,TCEQ_VOCsCanister_2016-2025_HillcrestNueces.txt
483550029,43249,7,2023,56,TCEQ_VOCsCanister_2016-2025_HillcrestNueces.txt
483550029,43249,7,2024,61,TCEQ_VOCsCanister_2016-2025_HillcrestNueces.txt
483550029,43249,7,2025,44,TCEQ_VOCsCanister_2016-2025_HillcrestNueces.txt
483550029,43250,7,2016,58,TCEQ_VOCsCanister_2016-2025_HillcrestNueces.txt
483550029,43250,7,2017,58,TCEQ_VOCsCanister_2016-2025_HillcrestNueces.txt
483550029,43250,7,2018,59,TCEQ_VOCsCanister_2016-2025_HillcrestNueces.txt
483550029,43250,7,2019,56,TCEQ_VOCsCanister_2016-2025_HillcrestNueces.txt
483550029,43250,7,2020,51,TCEQ_VOCsCanister_2016-2025_HillcrestNueces.txt
483550029,43250,7,2021,57,TCEQ_VOCsCanister_2016-2025_HillcrestNueces.txt
483550029,43250,7,2022,56,TCEQ_VOCsCanister_2016-2025_HillcrestNueces.txt
483550029,43250,7,2023,56,TCEQ_VOCsCanister_2016-2025_HillcrestNueces.txt
483550029,43250,7,2024,61,TCEQ_VOCsCanister_2016-2025_HillcrestNueces.txt
483550029,43250,7,2025,44,TCEQ_VOCsCanister_2016-2025_HillcrestNueces.txt
483550029,43252,7,2016,58,TCEQ_VOCsCanister_2016-2025_HillcrestNueces.txt
483550029,43252,7,2017,58,TCEQ_VOCsCanister_2016-2025_HillcrestNueces.txt
483550029,43252,7,2018,59,TCEQ_VOCsCanister_2016-2025_HillcrestNueces.txt
483550029,43252,7,2019,56,TCEQ_VOCsCanister_2016-2025_HillcrestNueces.txt
483550029,43252,7,2020,51,TCEQ_VOCsCanister_2016-2025_HillcrestNueces.txt
483550029,43252,7,2021,57,TCEQ_VOCsCanister_2016-2025_HillcrestNueces.txt
483550029,43252,7,2022,56,TCEQ_VOCsCanister_2016-2025_HillcrestNueces.txt
483550029,43252,7,2023,56,TCEQ_VOCsCanister_2016-2025_HillcrestNueces.txt
483550029,43252,7,2024,61,TCEQ_VOCsCanister_2016-2025_HillcrestNueces.txt
483550029,43252,7,2025,44,TCEQ_VOCsCanister_2016-2025_HillcrestNueces.txt
483550029,43253,7,2016,58,TCEQ_VOCsCanister_2016-2025_HillcrestNueces.txt
483550029,43253,7,2017,58,TCEQ_VOCsCanister_2016-2025_HillcrestNueces.txt
483550029,43253,7,2018,59,TCEQ_VOCsCanister_2016-2025_HillcrestNueces.txt
483550029,43253,7,2019,56,TCEQ_VOCsCanister_2016-2025_HillcrestNueces.txt
483550029,43253,7,2020,51,TCEQ_VOCsCanister_2016-2025_HillcrestNueces.txt
483550029,43253,7,2021,57,TCEQ_VOCsCanister_2016-2025_HillcrestNueces.txt
483550029,43253,7,2022,56,TCEQ_VOCsCanister_2016-2025_HillcrestNueces.txt
483550029,43253,7,2023,56,TCEQ_VOCsCanister_2016-2025_HillcrestNueces.txt
483550029,43253,7,2024,61,TCEQ_VOCsCanister_2016-2025_HillcrestNueces.txt
483550029,43253,7,2025,44,TCEQ_VOCsCanister_2016-2025_HillcrestNueces.txt
483550029,43261,7,2016,58,TCEQ_VOCsCanister_2016-2025_HillcrestNueces.txt
483550029,43261,7,2017,58,TCEQ_VOCsCanister_2016-2025_HillcrestNueces.txt
483550029,43261,7,2018,59,TCEQ_VOCsCanister_2016-2025_HillcrestNueces.txt
483550029,43261,7,2019,56,TCEQ_VOCsCanister_2016-2025_HillcrestNueces.txt
483550029,43261,7,2020,51,TCEQ_VOCsCanister_2016-2025_HillcrestNueces.txt
483550029,43261,7,2021,57,TCEQ_VOCsCanister_2016-2025_HillcrestNueces.txt
483550029,43261,7,2022,56,TCEQ_VOCsCanister_2016-2025_HillcrestNueces.txt
483550029,43261,7,2023,56,TCEQ_VOCsCanister_2016-2025_HillcrestNueces.txt
483550029,43261,7,2024,61,TCEQ_VOCsCanister_2016-2025_HillcrestNueces.txt
483550029,43261,7,2025,44,TCEQ_VOCsCanister_2016-2025_HillcrestNueces.txt
483550029,43262,7,2016,58,TCEQ_VOCsCanister_2016-2025_HillcrestNueces.txt
483550029,43262,7,2017,58,TCEQ_VOCsCanister_2016-2025_HillcrestNueces.txt
483550029,43262,7,2018,59,TCEQ_VOCsCanister_2016-2025_HillcrestNueces.txt
483550029,43262,7,2019,56,TCEQ_VOCsCanister_2016-2025_HillcrestNueces.txt
483550029,43262,7,2020,51,TCEQ_VOCsCanister_2016-2025_HillcrestNueces.txt
483550029,43262,7,2021,57,TCEQ_VOCsCanister_2016-2025_HillcrestNueces.txt
483550029,43262,7,2022,56,TCEQ_VOCsCanister_2016-2025_HillcrestNueces.txt
483550029,43262,7,2023,56,TCEQ_VOCsCanister_2016-2025_HillcrestNueces.txt
483550029,43262,7,2024,61,TCEQ_VOCsCanister_2016-2025_HillcrestNueces.txt
483550029,43262,7,2025,44,TCEQ_VOCsCanister_2016-2025_HillcrestNueces.txt
483550029,43263,7,2016,58,TCEQ_VOCsCanister_2016-2025_HillcrestNueces.txt
483550029,43263,7,2017,58,TCEQ_VOCsCanister_2016-2025_HillcrestNueces.txt
483550029,43263,7,2018,59,TCEQ_VOCsCanister_2016-2025_HillcrestNueces.txt
483550029,43263,7,2019,56,TCEQ_VOCsCanister_2016-2025_HillcrestNueces.txt
483550029,43263,7,2020,51,TCEQ_VOCsCanister_2016-2025_HillcrestNueces.txt
483550029,43263,7,2021,57,TCEQ_VOCsCanister_2016-2025_HillcrestNueces.txt
483550029,43263,7,2022,56,TCEQ_VOCsCanister_2016-2025_HillcrestNueces.txt
483550029,43263,7,2023,56,TCEQ_VOCsCanister_2016-2025_HillcrestNueces.txt
483550029,43263,7,2024,61,TCEQ_VOCsCanister_2016-2025_HillcrestNueces.txt
483550029,43263,7,2025,44,TCEQ_VOCsCanister_2016-2025_HillcrestNueces.txt
483550029,43280,7,2016,58,TCEQ_VOCsCanister_2016-2025_HillcrestNueces.txt
483550029,43280,7,2017,58,TCEQ_VOCsCanister_2016-2025_HillcrestNueces.txt
483550029,43280,7,2018,59,TCEQ_VOCsCanister_2016-2025_HillcrestNueces.txt
483550029,43280,7,2019,56,TCEQ_VOCsCanister_2016-2025_HillcrestNueces.txt
483550029,43280,7,2020,51,TCEQ_VOCsCanister_2016-2025_HillcrestNueces.txt
483550029,43280,7,2021,57,TCEQ_VOCsCanister_2016-2025_HillcrestNueces.txt
483550029,43280,7,2022,56,TCEQ_VOCsCanister_2016-2025_HillcrestNueces.txt
483550029,43280,7,2023,56,TCEQ_VOCsCanister_2016-2025_HillcrestNueces.txt
483550029,43280,7,2024,61,TCEQ_VOCsCanister_2016-2025_HillcrestNueces.txt
483550029,43280,7,2025,44,TCEQ_VOCsCanister_2016-2025_HillcrestNueces.txt
483550029,43282,7,2016,58,TCEQ_VOCsCanister_2016-2025_HillcrestNueces.txt
483550029,43282,7,2017,58,TCEQ_VOCsCanister_2016-2025_HillcrestNueces.txt
483550029,43282,7,2018,59,TCEQ_VOCsCanister_2016-2025_HillcrestNueces.txt
483550029,43282,7,2019,56,TCEQ_VOCsCanister_2016-2025_HillcrestNueces.txt
483550029,43282,7,2020,51,TCEQ_VOCsCanister_2016-2025_HillcrestNueces.txt
483550029,43282,7,2021,57,TCEQ_VOCsCanister_2016-2025_HillcrestNueces.txt
483550029,43282,7,2022,56,TCEQ_VOCsCanister_2016-2025_HillcrestNueces.txt
483550029,43282,7,2023,56,TCEQ_VOCsCanister_2016-2025_HillcrestNueces.txt
483550029,43282,7,2024,61,TCEQ_VOCsCanister_2016-2025_HillcrestNueces.txt
483550029,43282,7,2025,44,TCEQ_VOCsCanister_2016-2025_HillcrestNueces.txt
483550029,43283,7,2016,58,TCEQ_VOCsCanister_2016-2025_HillcrestNueces.txt
483550029,43283,7,2017,58,TCEQ_VOCsCanister_2016-2025_HillcrestNueces.txt
483550029,43283,7,2018,59,TCEQ_VOCsCanister_2016-2025_HillcrestNueces.txt
483550029,43283,7,2019,56,TCEQ_VOCsCanister_2016-2025_HillcrestNueces.txt
483550029,43283,7,2020,51,TCEQ_VOCsCanister_2016-2025_HillcrestNueces.txt
483550029,43283,7,2021,57,TCEQ_VOCsCanister_2016-2025_HillcrestNueces.txt
483550029,43283,7,2022,56,TCEQ_VOCsCanister_2016-2025_HillcrestNueces.txt
483550029,43283,7,2023,56,TCEQ_VOCsCanister_2016-2025_HillcrestNueces.txt
483550029,43283,7,2024,61,TCEQ_VOCsCanister_2016-2025_HillcrestNueces.txt
483550029,43283,7,2025,44,TCEQ_VOCsCanister_2016-2025_HillcrestNueces.txt
483550029,43284,7,2016,58,TCEQ_VOCsCanister_2016-2025_HillcrestNueces.txt
483550029,43284,7,2017,58,TCEQ_VOCsCanister_2016-2025_HillcrestNueces.txt
483550029,43284,7,2018,59,TCEQ_VOCsCanister_2016-2025_HillcrestNueces.txt
483550029,43284,7,2019,56,TCEQ_VOCsCanister_2016-2025_HillcrestNueces.txt
483550029,43284,7,2020,51,TCEQ_VOCsCanister_2016-2025_HillcrestNueces.txt
483550029,43284,7,2021,57,TCEQ_VOCsCanister_2016-2025_HillcrestNueces.txt
483550029,43284,7,2022,56,TCEQ_VOCsCanister_2016-2025_HillcrestNueces.txt
483550029,43284,7,2023,56,TCEQ_VOCsCanister_2016-2025_HillcrestNueces.txt
483550029,43284,7,2024,61,TCEQ_VOCsCanister_2016-2025_HillcrestNueces.txt
483550029,43284,7,2025,44,TCEQ_VOCsCanister_2016-2025_HillcrestNueces.txt
483550029,43285,7,2016,58,TCEQ_VOCsCanister_2016-2025_HillcrestNueces.txt
483550029,43285,7,2017,58,TCEQ_VOCsCanister_2016-2025_HillcrestNueces.txt
483550029,43285,7,2018,59,TCEQ_VOCsCanister_2016-2025_HillcrestNueces.txt
483550029,43285,7,2019,56,TCEQ_VOCsCanister_2016-2025_HillcrestNueces.txt
483550029,43285,7,2020,51,TCEQ_VOCsCanister_2016-2025_HillcrestNueces.txt
483550029,43285,7,2021,57,TCEQ_VOCsCanister_2016-2025_HillcrestNueces.txt
483550029,43285,7,2022,56,TCEQ_VOCsCanister_2016-2025_HillcrestNueces.txt
483550029,43285,7,2023,56,TCEQ_VOCsCanister_2016-2025_HillcrestNueces.txt
483550029,43285,7,2024,61,TCEQ_VOCsCanister_2016-2025_HillcrestNueces.txt
483550029,43285,7,2025,44,TCEQ_VOCsCanister_2016-2025_HillcrestNueces.txt
483550029,43289,7,2016,58,TCEQ_VOCsCanister_2016-2025_HillcrestNueces.txt
483550029,43289,7,2017,58,TCEQ_VOCsCanister_2016-2025_HillcrestNueces.txt
483550029,43289,7,2018,59,TCEQ_VOCsCanister_2016-2025_HillcrestNueces.txt
483550029,43289,7,2019,56,TCEQ_VOCsCanister_2016-2025_HillcrestNueces.txt
483550029,43289,7,2020,51,TCEQ_VOCsCanister_2016-2025_HillcrestNueces.txt
483550029,43289,7,2021,57,TCEQ_VOCsCanister_2016-2025_HillcrestNueces.txt
483550029,43289,7,2022,56,TCEQ_VOCsCanister_2016-2025_HillcrestNueces.txt
483550029,43289,7,2023,56,TCEQ_VOCsCanister_2016-2025_HillcrestNueces.txt
483550029,43289,7,2024,61,TCEQ_VOCsCanister_2016-2025_HillcrestNueces.txt
483550029,43289,7,2025,44,TCEQ_VOCsCanister_2016-2025_HillcrestNueces.txt
483550029,43290,7,2016,58,TCEQ_VOCsCanister_2016-2025_HillcrestNueces.txt
483550029,43290,7,2017,58,TCEQ_VOCsCanister_2016-2025_HillcrestNueces.txt
483550029,43290,7,2018,59,TCEQ_VOCsCanister_2016-2025_HillcrestNueces.txt
483550029,43290,7,2019,56,TCEQ_VOCsCanister_2016-2025_HillcrestNueces.txt
483550029,43290,7,2020,51,TCEQ_VOCsCanister_2016-2025_HillcrestNueces.txt
483550029,43290,7,2021,57,TCEQ_VOCsCanister_2016-2025_HillcrestNueces.txt
483550029,43290,7,2022,56,TCEQ_VOCsCanister_2016-2025_HillcrestNueces.txt
483550029,43290,7,2023,56,TCEQ_VOCsCanister_2016-2025_HillcrestNueces.txt
483550029,43290,7,2024,61,TCEQ_VOCsCanister_2016-2025_HillcrestNueces.txt
483550029,43290,7,2025,44,TCEQ_VOCsCanister_2016-2025_HillcrestNueces.txt
483550029,43291,7,2016,58,TCEQ_VOCsCanister_2016-2025_HillcrestNueces.txt
483550029,43291,7,2017,58,TCEQ_VOCsCanister_2016-2025_HillcrestNueces.txt
483550029,43291,7,2018,59,TCEQ_VOCsCanister_2016-2025_HillcrestNueces.txt
483550029,43291,7,2019,56,TCEQ_VOCsCanister_2016-2025_HillcrestNueces.txt
483550029,43291,7,2020,51,TCEQ_VOCsCanister_2016-2025_HillcrestNueces.txt
483550029,43291,7,2021,57,TCEQ_VOCsCanister_2016-2025_HillcrestNueces.txt
483550029,43291,7,2022,56,TCEQ_VOCsCanister_2016-2025_HillcrestNueces.txt
483550029,43291,7,2023,56,TCEQ_VOCsCanister_2016-2025_HillcrestNueces.txt
483550029,43291,7,2024,61,TCEQ_VOCsCanister_2016-2025_HillcrestNueces.txt
483550029,43291,7,2025,44,TCEQ_VOCsCanister_2016-2025_HillcrestNueces.txt
483550029,43331,7,2016,58,TCEQ_VOCsCanister_2016-2025_HillcrestNueces.txt
483550029,43331,7,2017,58,TCEQ_VOCsCanister_2016-2025_HillcrestNueces.txt
483550029,43331,7,2018,59,TCEQ_VOCsCanister_2016-2025_HillcrestNueces.txt
483550029,43331,7,2019,56,TCEQ_VOCsCanister_2016-2025_HillcrestNueces.txt
483550029,43331,7,2020,51,TCEQ_VOCsCanister_2016-2025_HillcrestNueces.txt
483550029,43331,7,2021,57,TCEQ_VOCsCanister_2016-2025_HillcrestNueces.txt
483550029,43331,7,2022,56,TCEQ_VOCsCanister_2016-2025_HillcrestNueces.txt
483550029,43331,7,2023,56,TCEQ_VOCsCanister_2016-2025_HillcrestNueces.txt
483550029,43331,7,2024,61,TCEQ_VOCsCanister_2016-2025_HillcrestNueces.txt
483550029,43331,7,2025,44,TCEQ_VOCsCanister_2016-2025_HillcrestNueces.txt
483550029,43801,7,2016,58,TCEQ_VOCsCanister_2016-2025_HillcrestNueces.txt
483550029,43801,7,2017,58,TCEQ_VOCsCanister_2016-2025_HillcrestNueces.txt
483550029,43801,7,2018,59,TCEQ_VOCsCanister_2016-2025_HillcrestNueces.txt
483550029,43801,7,2019,56,TCEQ_VOCsCanister_2016-2025_HillcrestNueces.txt
483550029,43801,7,2020,51,TCEQ_VOCsCanister_2016-2025_HillcrestNueces.txt
483550029,43801,7,2021,57,TCEQ_VOCsCanister_2016-2025_HillcrestNueces.txt
483550029,43801,7,2022,56,TCEQ_VOCsCanister_2016-2025_HillcrestNueces.txt
483550029,43801,7,2023,56,TCEQ_VOCsCanister_2016-2025_HillcrestNueces.txt
483550029,43801,7,2024,61,TCEQ_VOCsCanister_2016-2025_HillcrestNueces.txt
483550029,43801,7,2025,44,TCEQ_VOCsCanister_2016-2025_HillcrestNueces.txt
483550029,43802,7,2016,58,TCEQ_VOCsCanister_2016-2025_HillcrestNueces.txt
483550029,43802,7,2017,58,TCEQ_VOCsCanister_2016-2025_HillcrestNueces.txt
483550029,43802,7,2018,59,TCEQ_VOCsCanister_2016-2025_HillcrestNueces.txt
483550029,43802,7,2019,56,TCEQ_VOCsCanister_2016-2025_HillcrestNueces.txt
483550029,43802,7,2020,51,TCEQ_VOCsCanister_2016-2025_HillcrestNueces.txt
483550029,43802,7,2021,57,TCEQ_VOCsCanister_2016-2025_HillcrestNueces.txt
483550029,43802,7,2022,56,TCEQ_VOCsCanister_2016-2025_HillcrestNueces.txt
483550029,43802,7,2023,56,TCEQ_VOCsCanister_2016-2025_HillcrestNueces.txt
483550029,43802,7,2024,61,TCEQ_VOCsCanister_2016-2025_HillcrestNueces.txt
483550029,43802,7,2025,44,TCEQ_VOCsCanister_2016-2025_HillcrestNueces.txt
483550029,43803,7,2016,58,TCEQ_VOCsCanister_2016-2025_HillcrestNueces.txt
483550029,43803,7,2017,58,TCEQ_VOCsCanister_2016-2025_HillcrestNueces.txt
483550029,43803,7,2018,59,TCEQ_VOCsCanister_2016-2025_HillcrestNueces.txt
483550029,43803,7,2019,56,TCEQ_VOCsCanister_2016-2025_HillcrestNueces.txt
483550029,43803,7,2020,51,TCEQ_VOCsCanister_2016-2025_HillcrestNueces.txt
483550029,43803,7,2021,57,TCEQ_VOCsCanister_2016-2025_HillcrestNueces.txt
483550029,43803,7,2022,56,TCEQ_VOCsCanister_2016-2025_HillcrestNueces.txt
483550029,43803,7,2023,56,TCEQ_VOCsCanister_2016-2025_HillcrestNueces.txt
483550029,43803,7,2024,61,TCEQ_VOCsCanister_2016-2025_HillcrestNueces.txt
483550029,43803,7,2025,44,TCEQ_VOCsCanister_2016-2025_HillcrestNueces.txt
483550029,43804,7,2016,58,TCEQ_VOCsCanister_2016-2025_HillcrestNueces.txt
483550029,43804,7,2017,58,TCEQ_VOCsCanister_2016-2025_HillcrestNueces.txt
483550029,43804,7,2018,59,TCEQ_VOCsCanister_2016-2025_HillcrestNueces.txt
483550029,43804,7,2019,56,TCEQ_VOCsCanister_2016-2025_HillcrestNueces.txt
483550029,43804,7,2020,51,TCEQ_VOCsCanister_2016-2025_HillcrestNueces.txt
483550029,43804,7,2021,57,TCEQ_VOCsCanister_2016-2025_HillcrestNueces.txt
483550029,43804,7,2022,56,TCEQ_VOCsCanister_2016-2025_HillcrestNueces.txt
483550029,43804,7,2023,56,TCEQ_VOCsCanister_2016-2025_HillcrestNueces.txt
483550029,43804,7,2024,61,TCEQ_VOCsCanister_2016-2025_HillcrestNueces.txt
483550029,43804,7,2025,44,TCEQ_VOCsCanister_2016-2025_HillcrestNueces.txt
483550029,43811,7,2016,58,TCEQ_VOCsCanister_2016-2025_HillcrestNueces.txt
483550029,43811,7,2017,58,TCEQ_VOCsCanister_2016-2025_HillcrestNueces.txt
483550029,43811,7,2018,59,TCEQ_VOCsCanister_2016-2025_HillcrestNueces.txt
483550029,43811,7,2019,56,TCEQ_VOCsCanister_2016-2025_HillcrestNueces.txt
483550029,43811,7,2020,51,TCEQ_VOCsCanister_2016-2025_HillcrestNueces.txt
483550029,43811,7,2021,57,TCEQ_VOCsCanister_2016-2025_HillcrestNueces.txt
483550029,43811,7,2022,56,TCEQ_VOCsCanister_2016-2025_HillcrestNueces.txt
483550029,43811,7,2023,56,TCEQ_VOCsCanister_2016-2025_HillcrestNueces.txt
483550029,43811,7,2024,61,TCEQ_VOCsCanister_2016-2025_HillcrestNueces.txt
483550029,43811,7,2025,44,TCEQ_VOCsCanister_2016-2025_HillcrestNueces.txt
483550029,43813,7,2016,58,TCEQ_VOCsCanister_2016-2025_HillcrestNueces.txt
483550029,43813,7,2017,58,TCEQ_VOCsCanister_2016-2025_HillcrestNueces.txt
483550029,43813,7,2018,59,TCEQ_VOCsCanister_2016-2025_HillcrestNueces.txt
483550029,43813,7,2019,56,TCEQ_VOCsCanister_2016-2025_HillcrestNueces.txt
483550029,43813,7,2020,51,TCEQ_VOCsCanister_2016-2025_HillcrestNueces.txt
483550029,43813,7,2021,57,TCEQ_VOCsCanister_2016-2025_HillcrestNueces.txt
483550029,43813,7,2022,56,TCEQ_VOCsCanister_2016-2025_HillcrestNueces.txt
483550029,43813,7,2023,56,TCEQ_VOCsCanister_2016-2025_HillcrestNueces.txt
483550029,43813,7,2024,61,TCEQ_VOCsCanister_2016-2025_HillcrestNueces.txt
483550029,43813,7,2025,44,TCEQ_VOCsCanister_2016-2025_HillcrestNueces.txt
483550029,43814,7,2016,58,TCEQ_VOCsCanister_2016-2025_HillcrestNueces.txt
483550029,43814,7,2017,58,TCEQ_VOCsCanister_2016-2025_HillcrestNueces.txt
483550029,43814,7,2018,59,TCEQ_VOCsCanister_2016-2025_HillcrestNueces.txt
483550029,43814,7,2019,56,TCEQ_VOCsCanister_2016-2025_HillcrestNueces.txt
483550029,43814,7,2020,51,TCEQ_VOCsCanister_2016-2025_HillcrestNueces.txt
483550029,43814,7,2021,57,TCEQ_VOCsCanister_2016-2025_HillcrestNueces.txt
483550029,43814,7,2022,56,TCEQ_VOCsCanister_2016-2025_HillcrestNueces.txt
483550029,43814,7,2023,56,TCEQ_VOCsCanister_2016-2025_HillcrestNueces.txt
483550029,43814,7,2024,61,TCEQ_VOCsCanister_2016-2025_HillcrestNueces.txt
483550029,43814,7,2025,44,TCEQ_VOCsCanister_2016-2025_HillcrestNueces.txt
483550029,43815,7,2016,58,TCEQ_VOCsCanister_2016-2025_HillcrestNueces.txt
483550029,43815,7,2017,58,TCEQ_VOCsCanister_2016-2025_HillcrestNueces.txt
483550029,43815,7,2018,59,TCEQ_VOCsCanister_2016-2025_HillcrestNueces.txt
483550029,43815,7,2019,56,TCEQ_VOCsCanister_2016-2025_HillcrestNueces.txt
483550029,43815,7,2020,51,TCEQ_VOCsCanister_2016-2025_HillcrestNueces.txt
483550029,43815,7,2021,57,TCEQ_VOCsCanister_2016-2025_HillcrestNueces.txt
483550029,43815,7,2022,56,TCEQ_VOCsCanister_2016-2025_HillcrestNueces.txt
483550029,43815,7,2023,56,TCEQ_VOCsCanister_2016-2025_HillcrestNueces.txt
483550029,43815,7,2024,61,TCEQ_VOCsCanister_2016-2025_HillcrestNueces.txt
483550029,43815,7,2025,44,TCEQ_VOCsCanister_2016-2025_HillcrestNueces.txt
483550029,43817,7,2016,58,TCEQ_VOCsCanister_2016-2025_HillcrestNueces.txt
483550029,43817,7,2017,58,TCEQ_VOCsCanister_2016-2025_HillcrestNueces.txt
483550029,43817,7,2018,59,TCEQ_VOCsCanister_2016-2025_HillcrestNueces.txt
483550029,43817,7,2019,56,TCEQ_VOCsCanister_2016-2025_HillcrestNueces.txt
483550029,43817,7,2020,51,TCEQ_VOCsCanister_2016-2025_HillcrestNueces.txt
483550029,43817,7,2021,57,TCEQ_VOCsCanister_2016-2025_HillcrestNueces.txt
483550029,43817,7,2022,56,TCEQ_VOCsCanister_2016-2025_HillcrestNueces.txt
483550029,43817,7,2023,56,TCEQ_VOCsCanister_2016-2025_HillcrestNueces.txt
483550029,43817,7,2024,61,TCEQ_VOCsCanister_2016-2025_HillcrestNueces.txt
483550029,43817,7,2025,44,TCEQ_VOCsCanister_2016-2025_HillcrestNueces.txt
483550029,43818,7,2016,58,TCEQ_VOCsCanister_2016-2025_HillcrestNueces.txt
483550029,43818,7,2017,58,TCEQ_VOCsCanister_2016-2025_HillcrestNueces.txt
483550029,43818,7,2018,59,TCEQ_VOCsCanister_2016-2025_HillcrestNueces.txt
483550029,43818,7,2019,56,TCEQ_VOCsCanister_2016-2025_HillcrestNueces.txt
483550029,43818,7,2020,51,TCEQ_VOCsCanister_2016-2025_HillcrestNueces.txt
483550029,43818,7,2021,57,TCEQ_VOCsCanister_2016-2025_HillcrestNueces.txt
483550029,43818,7,2022,56,TCEQ_VOCsCanister_2016-2025_HillcrestNueces.txt
483550029,43818,7,2023,56,TCEQ_VOCsCanister_2016-2025_HillcrestNueces.txt
483550029,43818,7,2024,61,TCEQ_VOCsCanister_2016-2025_HillcrestNueces.txt
483550029,43818,7,2025,44,TCEQ_VOCsCanister_2016-2025_HillcrestNueces.txt
483550029,43819,7,2016,58,TCEQ_VOCsCanister_2016-2025_HillcrestNueces.txt
483550029,43819,7,2017,58,TCEQ_VOCsCanister_2016-2025_HillcrestNueces.txt
483550029,43819,7,2018,59,TCEQ_VOCsCanister_2016-2025_HillcrestNueces.txt
483550029,43819,7,2019,56,TCEQ_VOCsCanister_2016-2025_HillcrestNueces.txt
483550029,43819,7,2020,51,TCEQ_VOCsCanister_2016-2025_HillcrestNueces.txt
483550029,43819,7,2021,57,TCEQ_VOCsCanister_2016-2025_HillcrestNueces.txt
483550029,43819,7,2022,56,TCEQ_VOCsCanister_2016-2025_HillcrestNueces.txt
483550029,43819,7,2023,56,TCEQ_VOCsCanister_2016-2025_HillcrestNueces.txt
483550029,43819,7,2024,61,TCEQ_VOCsCanister_2016-2025_HillcrestNueces.txt
483550029,43819,7,2025,44,TCEQ_VOCsCanister_2016-2025_HillcrestNueces.txt
483550029,43820,7,2016,58,TCEQ_VOCsCanister_2016-2025_HillcrestNueces.txt
483550029,43820,7,2017,58,TCEQ_VOCsCanister_2016-2025_HillcrestNueces.txt
483550029,43820,7,2018,59,TCEQ_VOCsCanister_2016-2025_HillcrestNueces.txt
483550029,43820,7,2019,56,TCEQ_VOCsCanister_2016-2025_HillcrestNueces.txt
483550029,43820,7,2020,51,TCEQ_VOCsCanister_2016-2025_HillcrestNueces.txt
483550029,43820,7,2021,57,TCEQ_VOCsCanister_2016-2025_HillcrestNueces.txt
483550029,43820,7,2022,56,TCEQ_VOCsCanister_2016-2025_HillcrestNueces.txt
483550029,43820,7,2023,56,TCEQ_VOCsCanister_2016-2025_HillcrestNueces.txt
483550029,43820,7,2024,61,TCEQ_VOCsCanister_2016-2025_HillcrestNueces.txt
483550029,43820,7,2025,44,TCEQ_VOCsCanister_2016-2025_HillcrestNueces.txt
483550029,43823,7,2016,58,TCEQ_VOCsCanister_2016-2025_HillcrestNueces.txt
483550029,43823,7,2017,58,TCEQ_VOCsCanister_2016-2025_HillcrestNueces.txt
483550029,43823,7,2018,59,TCEQ_VOCsCanister_2016-2025_HillcrestNueces.txt
483550029,43823,7,2019,56,TCEQ_VOCsCanister_2016-2025_HillcrestNueces.txt
483550029,43823,7,2020,51,TCEQ_VOCsCanister_2016-2025_HillcrestNueces.txt
483550029,43823,7,2021,57,TCEQ_VOCsCanister_2016-2025_HillcrestNueces.txt
483550029,43823,7,2022,56,TCEQ_VOCsCanister_2016-2025_HillcrestNueces.txt
483550029,43823,7,2023,56,TCEQ_VOCsCanister_2016-2025_HillcrestNueces.txt
483550029,43823,7,2024,61,TCEQ_VOCsCanister_2016-2025_HillcrestNueces.txt
483550029,43823,7,2025,44,TCEQ_VOCsCanister_2016-2025_HillcrestNueces.txt
483550029,43824,7,2016,58,TCEQ_VOCsCanister_2016-2025_HillcrestNueces.txt
483550029,43824,7,2017,58,TCEQ_VOCsCanister_2016-2025_HillcrestNueces.txt
483550029,43824,7,2018,59,TCEQ_VOCsCanister_2016-2025_HillcrestNueces.txt
483550029,43824,7,2019,56,TCEQ_VOCsCanister_2016-2025_HillcrestNueces.txt
483550029,43824,7,2020,51,TCEQ_VOCsCanister_2016-2025_HillcrestNueces.txt
483550029,43824,7,2021,57,TCEQ_VOCsCanister_2016-2025_HillcrestNueces.txt
483550029,43824,7,2022,56,TCEQ_VOCsCanister_2016-2025_HillcrestNueces.txt
483550029,43824,7,2023,56,TCEQ_VOCsCanister_2016-2025_HillcrestNueces.txt
483550029,43824,7,2024,61,TCEQ_VOCsCanister_2016-2025_HillcrestNueces.txt
483550029,43824,7,2025,44,TCEQ_VOCsCanister_2016-2025_HillcrestNueces.txt
483550029,43826,7,2016,58,TCEQ_VOCsCanister_2016-2025_HillcrestNueces.txt
483550029,43826,7,2017,58,TCEQ_VOCsCanister_2016-2025_HillcrestNueces.txt
483550029,43826,7,2018,59,TCEQ_VOCsCanister_2016-2025_HillcrestNueces.txt
483550029,43826,7,2019,56,TCEQ_VOCsCanister_2016-2025_HillcrestNueces.txt
483550029,43826,7,2020,51,TCEQ_VOCsCanister_2016-2025_HillcrestNueces.txt
483550029,43826,7,2021,57,TCEQ_VOCsCanister_2016-2025_HillcrestNueces.txt
483550029,43826,7,2022,56,TCEQ_VOCsCanister_2016-2025_HillcrestNueces.txt
483550029,43826,7,2023,56,TCEQ_VOCsCanister_2016-2025_HillcrestNueces.txt
483550029,43826,7,2024,61,TCEQ_VOCsCanister_2016-2025_HillcrestNueces.txt
483550029,43826,7,2025,44,TCEQ_VOCsCanister_2016-2025_HillcrestNueces.txt
483550029,43829,7,2016,58,TCEQ_VOCsCanister_2016-2025_HillcrestNueces.txt
483550029,43829,7,2017,58,TCEQ_VOCsCanister_2016-2025_HillcrestNueces.txt
483550029,43829,7,2018,59,TCEQ_VOCsCanister_2016-2025_HillcrestNueces.txt
483550029,43829,7,2019,56,TCEQ_VOCsCanister_2016-2025_HillcrestNueces.txt
483550029,43829,7,2020,51,TCEQ_VOCsCanister_2016-2025_HillcrestNueces.txt
483550029,43829,7,2021,57,TCEQ_VOCsCanister_2016-2025_HillcrestNueces.txt
483550029,43829,7,2022,56,TCEQ_VOCsCanister_2016-2025_HillcrestNueces.txt
483550029,43829,7,2023,56,TCEQ_VOCsCanister_2016-2025_HillcrestNueces.txt
483550029,43829,7,2024,61,TCEQ_VOCsCanister_2016-2025_HillcrestNueces.txt
483550029,43829,7,2025,44,TCEQ_VOCsCanister_2016-2025_HillcrestNueces.txt
483550029,43830,7,2016,58,TCEQ_VOCsCanister_2016-2025_HillcrestNueces.txt
483550029,43830,7,2017,58,TCEQ_VOCsCanister_2016-2025_HillcrestNueces.txt
483550029,43830,7,2018,59,TCEQ_VOCsCanister_2016-2025_HillcrestNueces.txt
483550029,43830,7,2019,56,TCEQ_VOCsCanister_2016-2025_HillcrestNueces.txt
483550029,43830,7,2020,51,TCEQ_VOCsCanister_2016-2025_HillcrestNueces.txt
483550029,43830,7,2021,57,TCEQ_VOCsCanister_2016-2025_HillcrestNueces.txt
483550029,43830,7,2022,56,TCEQ_VOCsCanister_2016-2025_HillcrestNueces.txt
483550029,43830,7,2023,56,TCEQ_VOCsCanister_2016-2025_HillcrestNueces.txt
483550029,43830,7,2024,61,TCEQ_VOCsCanister_2016-2025_HillcrestNueces.txt
483550029,43830,7,2025,44,TCEQ_VOCsCanister_2016-2025_HillcrestNueces.txt
483550029,43831,7,2016,58,TCEQ_VOCsCanister_2016-2025_HillcrestNueces.txt
483550029,43831,7,2017,58,TCEQ_VOCsCanister_2016-2025_HillcrestNueces.txt
483550029,43831,7,2018,59,TCEQ_VOCsCanister_2016-2025_HillcrestNueces.txt
483550029,43831,7,2019,56,TCEQ_VOCsCanister_2016-2025_HillcrestNueces.txt
483550029,43831,7,2020,51,TCEQ_VOCsCanister_2016-2025_HillcrestNueces.txt
483550029,43831,7,2021,57,TCEQ_VOCsCanister_2016-2025_HillcrestNueces.txt
483550029,43831,7,2022,56,TCEQ_VOCsCanister_2016-2025_HillcrestNueces.txt
483550029,43831,7,2023,56,TCEQ_VOCsCanister_2016-2025_HillcrestNueces.txt
483550029,43831,7,2024,61,TCEQ_VOCsCanister_2016-2025_HillcrestNueces.txt
483550029,43831,7,2025,44,TCEQ_VOCsCanister_2016-2025_HillcrestNueces.txt
483550029,43843,7,2016,58,TCEQ_VOCsCanister_2016-2025_HillcrestNueces.txt
483550029,43843,7,2017,58,TCEQ_VOCsCanister_2016-2025_HillcrestNueces.txt
483550029,43843,7,2018,59,TCEQ_VOCsCanister_2016-2025_HillcrestNueces.txt
483550029,43843,7,2019,56,TCEQ_VOCsCanister_2016-2025_HillcrestNueces.txt
483550029,43843,7,2020,51,TCEQ_VOCsCanister_2016-2025_HillcrestNueces.txt
483550029,43843,7,2021,57,TCEQ_VOCsCanister_2016-2025_HillcrestNueces.txt
483550029,43843,7,2022,56,TCEQ_VOCsCanister_2016-2025_HillcrestNueces.txt
483550029,43843,7,2023,56,TCEQ_VOCsCanister_2016-2025_HillcrestNueces.txt
483550029,43843,7,2024,61,TCEQ_VOCsCanister_2016-2025_HillcrestNueces.txt
483550029,43843,7,2025,44,TCEQ_VOCsCanister_2016-2025_HillcrestNueces.txt
483550029,43860,7,2016,58,TCEQ_VOCsCanister_2016-2025_HillcrestNueces.txt
483550029,43860,7,2017,58,TCEQ_VOCsCanister_2016-2025_HillcrestNueces.txt
483550029,43860,7,2018,59,TCEQ_VOCsCanister_2016-2025_HillcrestNueces.txt
483550029,43860,7,2019,56,TCEQ_VOCsCanister_2016-2025_HillcrestNueces.txt
483550029,43860,7,2020,51,TCEQ_VOCsCanister_2016-2025_HillcrestNueces.txt
483550029,43860,7,2021,57,TCEQ_VOCsCanister_2016-2025_HillcrestNueces.txt
483550029,43860,7,2022,56,TCEQ_VOCsCanister_2016-2025_HillcrestNueces.txt
483550029,43860,7,2023,56,TCEQ_VOCsCanister_2016-2025_HillcrestNueces.txt
483550029,43860,7,2024,61,TCEQ_VOCsCanister_2016-2025_HillcrestNueces.txt
483550029,43860,7,2025,44,TCEQ_VOCsCanister_2016-2025_HillcrestNueces.txt
483550029,43954,7,2016,58,TCEQ_VOCsCanister_2016-2025_HillcrestNueces.txt
483550029,43954,7,2017,58,TCEQ_VOCsCanister_2016-2025_HillcrestNueces.txt
483550029,43954,7,2018,59,TCEQ_VOCsCanister_2016-2025_HillcrestNueces.txt
483550029,43954,7,2019,56,TCEQ_VOCsCanister_2016-2025_HillcrestNueces.txt
483550029,43954,7,2020,51,TCEQ_VOCsCanister_2016-2025_HillcrestNueces.txt
483550029,43954,7,2021,57,TCEQ_VOCsCanister_2016-2025_HillcrestNueces.txt
483550029,43954,7,2022,56,TCEQ_VOCsCanister_2016-2025_HillcrestNueces.txt
483550029,43954,7,2023,56,TCEQ_VOCsCanister_2016-2025_HillcrestNueces.txt
483550029,43954,7,2024,61,TCEQ_VOCsCanister_2016-2025_HillcrestNueces.txt
483550029,43954,7,2025,44,TCEQ_VOCsCanister_2016-2025_HillcrestNueces.txt
483550029,43960,7,2016,58,TCEQ_VOCsCanister_2016-2025_HillcrestNueces.txt
483550029,43960,7,2017,58,TCEQ_VOCsCanister_2016-2025_HillcrestNueces.txt
483550029,43960,7,2018,59,TCEQ_VOCsCanister_2016-2025_HillcrestNueces.txt
483550029,43960,7,2019,56,TCEQ_VOCsCanister_2016-2025_HillcrestNueces.txt
483550029,43960,7,2020,51,TCEQ_VOCsCanister_2016-2025_HillcrestNueces.txt
483550029,43960,7,2021,57,TCEQ_VOCsCanister_2016-2025_HillcrestNueces.txt
483550029,43960,7,2022,56,TCEQ_VOCsCanister_2016-2025_HillcrestNueces.txt
483550029,43960,7,2023,56,TCEQ_VOCsCanister_2016-2025_HillcrestNueces.txt
483550029,43960,7,2024,61,TCEQ_VOCsCanister_2016-2025_HillcrestNueces.txt
483550029,43960,7,2025,44,TCEQ_VOCsCanister_2016-2025_HillcrestNueces.txt
483550029,45109,7,2016,58,TCEQ_VOCsCanister_2016-2025_HillcrestNueces.txt
483550029,45109,7,2017,58,TCEQ_VOCsCanister_2016-2025_HillcrestNueces.txt
483550029,45109,7,2018,59,TCEQ_VOCsCanister_2016-2025_HillcrestNueces.txt
483550029,45109,7,2019,56,TCEQ_VOCsCanister_2016-2025_HillcrestNueces.txt
483550029,45109,7,2020,51,TCEQ_VOCsCanister_2016-2025_HillcrestNueces.txt
483550029,45109,7,2021,57,TCEQ_VOCsCanister_2016-2025_HillcrestNueces.txt
483550029,45109,7,2022,56,TCEQ_VOCsCanister_2016-2025_HillcrestNueces.txt
483550029,45109,7,2023,56,TCEQ_VOCsCanister_2016-2025_HillcrestNueces.txt
483550029,45109,7,2024,61,TCEQ_VOCsCanister_2016-2025_HillcrestNueces.txt
483550029,45109,7,2025,44,TCEQ_VOCsCanister_2016-2025_HillcrestNueces.txt
483550029,45201,7,2016,58,TCEQ_VOCsCanister_2016-2025_HillcrestNueces.txt
483550029,45201,7,2017,58,TCEQ_VOCsCanister_2016-2025_HillcrestNueces.txt
483550029,45201,7,2018,59,TCEQ_VOCsCanister_2016-2025_HillcrestNueces.txt
483550029,45201,7,2019,56,TCEQ_VOCsCanister_2016-2025_HillcrestNueces.txt
483550029,45201,7,2020,51,TCEQ_VOCsCanister_2016-2025_HillcrestNueces.txt
483550029,45201,7,2021,57,TCEQ_VOCsCanister_2016-2025_HillcrestNueces.txt
483550029,45201,7,2022,56,TCEQ_VOCsCanister_2016-2025_HillcrestNueces.txt
483550029,45201,7,2023,56,TCEQ_VOCsCanister_2016-2025_HillcrestNueces.txt
483550029,45201,7,2024,61,TCEQ_VOCsCanister_2016-2025_HillcrestNueces.txt
483550029,45201,7,2025,44,TCEQ_VOCsCanister_2016-2025_HillcrestNueces.txt
483550029,45202,7,2016,58,TCEQ_VOCsCanister_2016-2025_HillcrestNueces.txt
483550029,45202,7,2017,58,TCEQ_VOCsCanister_2016-2025_HillcrestNueces.txt
483550029,45202,7,2018,59,TCEQ_VOCsCanister_2016-2025_HillcrestNueces.txt
483550029,45202,7,2019,56,TCEQ_VOCsCanister_2016-2025_HillcrestNueces.txt
483550029,45202,7,2020,51,TCEQ_VOCsCanister_2016-2025_HillcrestNueces.txt
483550029,45202,7,2021,57,TCEQ_VOCsCanister_2016-2025_HillcrestNueces.txt
483550029,45202,7,2022,56,TCEQ_VOCsCanister_2016-2025_HillcrestNueces.txt
483550029,45202,7,2023,56,TCEQ_VOCsCanister_2016-2025_HillcrestNueces.txt
483550029,45202,7,2024,61,TCEQ_VOCsCanister_2016-2025_HillcrestNueces.txt
483550029,45202,7,2025,44,TCEQ_VOCsCanister_2016-2025_HillcrestNueces.txt
483550029,45203,7,2016,58,TCEQ_VOCsCanister_2016-2025_HillcrestNueces.txt
483550029,45203,7,2017,58,TCEQ_VOCsCanister_2016-2025_HillcrestNueces.txt
483550029,45203,7,2018,59,TCEQ_VOCsCanister_2016-2025_HillcrestNueces.txt
483550029,45203,7,2019,56,TCEQ_VOCsCanister_2016-2025_HillcrestNueces.txt
483550029,45203,7,2020,51,TCEQ_VOCsCanister_2016-2025_HillcrestNueces.txt
483550029,45203,7,2021,57,TCEQ_VOCsCanister_2016-2025_HillcrestNueces.txt
483550029,45203,7,2022,56,TCEQ_VOCsCanister_2016-2025_HillcrestNueces.txt
483550029,45203,7,2023,56,TCEQ_VOCsCanister_2016-2025_HillcrestNueces.txt
483550029,45203,7,2024,61,TCEQ_VOCsCanister_2016-2025_HillcrestNueces.txt
483550029,45203,7,2025,44,TCEQ_VOCsCanister_2016-2025_HillcrestNueces.txt
483550029,45204,7,2016,58,TCEQ_VOCsCanister_2016-2025_HillcrestNueces.txt
483550029,45204,7,2017,58,TCEQ_VOCsCanister_2016-2025_HillcrestNueces.txt
483550029,45204,7,2018,59,TCEQ_VOCsCanister_2016-2025_HillcrestNueces.txt
483550029,45204,7,2019,56,TCEQ_VOCsCanister_2016-2025_HillcrestNueces.txt
483550029,45204,7,2020,51,TCEQ_VOCsCanister_2016-2025_HillcrestNueces.txt
483550029,45204,7,2021,57,TCEQ_VOCsCanister_2016-2025_HillcrestNueces.txt
483550029,45204,7,2022,56,TCEQ_VOCsCanister_2016-2025_HillcrestNueces.txt
483550029,45204,7,2023,56,TCEQ_VOCsCanister_2016-2025_HillcrestNueces.txt
483550029,45204,7,2024,61,TCEQ_VOCsCanister_2016-2025_HillcrestNueces.txt
483550029,45204,7,2025,44,TCEQ_VOCsCanister_2016-2025_HillcrestNueces.txt
483550029,45207,7,2016,58,TCEQ_VOCsCanister_2016-2025_HillcrestNueces.txt
483550029,45207,7,2017,58,TCEQ_VOCsCanister_2016-2025_HillcrestNueces.txt
483550029,45207,7,2018,59,TCEQ_VOCsCanister_2016-2025_HillcrestNueces.txt
483550029,45207,7,2019,56,TCEQ_VOCsCanister_2016-2025_HillcrestNueces.txt
483550029,45207,7,2020,51,TCEQ_VOCsCanister_2016-2025_HillcrestNueces.txt
483550029,45207,7,2021,57,TCEQ_VOCsCanister_2016-2025_HillcrestNueces.txt
483550029,45207,7,2022,56,TCEQ_VOCsCanister_2016-2025_HillcrestNueces.txt
483550029,45207,7,2023,56,TCEQ_VOCsCanister_2016-2025_HillcrestNueces.txt
483550029,45207,7,2024,61,TCEQ_VOCsCanister_2016-2025_HillcrestNueces.txt
483550029,45207,7,2025,44,TCEQ_VOCsCanister_2016-2025_HillcrestNueces.txt
483550029,45208,7,2016,58,TCEQ_VOCsCanister_2016-2025_HillcrestNueces.txt
483550029,45208,7,2017,58,TCEQ_VOCsCanister_2016-2025_HillcrestNueces.txt
483550029,45208,7,2018,59,TCEQ_VOCsCanister_2016-2025_HillcrestNueces.txt
483550029,45208,7,2019,56,TCEQ_VOCsCanister_2016-2025_HillcrestNueces.txt
483550029,45208,7,2020,51,TCEQ_VOCsCanister_2016-2025_HillcrestNueces.txt
483550029,45208,7,2021,57,TCEQ_VOCsCanister_2016-2025_HillcrestNueces.txt
483550029,45208,7,2022,56,TCEQ_VOCsCanister_2016-2025_HillcrestNueces.txt
483550029,45208,7,2023,56,TCEQ_VOCsCanister_2016-2025_HillcrestNueces.txt
483550029,45208,7,2024,61,TCEQ_VOCsCanister_2016-2025_HillcrestNueces.txt
483550029,45208,7,2025,44,TCEQ_VOCsCanister_2016-2025_HillcrestNueces.txt
483550029,45209,7,2016,58,TCEQ_VOCsCanister_2016-2025_HillcrestNueces.txt
483550029,45209,7,2017,58,TCEQ_VOCsCanister_2016-2025_HillcrestNueces.txt
483550029,45209,7,2018,59,TCEQ_VOCsCanister_2016-2025_HillcrestNueces.txt
483550029,45209,7,2019,56,TCEQ_VOCsCanister_2016-2025_HillcrestNueces.txt
483550029,45209,7,2020,51,TCEQ_VOCsCanister_2016-2025_HillcrestNueces.txt
483550029,45209,7,2021,57,TCEQ_VOCsCanister_2016-2025_HillcrestNueces.txt
483550029,45209,7,2022,56,TCEQ_VOCsCanister_2016-2025_HillcrestNueces.txt
483550029,45209,7,2023,56,TCEQ_VOCsCanister_2016-2025_HillcrestNueces.txt
483550029,45209,7,2024,61,TCEQ_VOCsCanister_2016-2025_HillcrestNueces.txt
483550029,45209,7,2025,44,TCEQ_VOCsCanister_2016-2025_HillcrestNueces.txt
483550029,45210,7,2016,58,TCEQ_VOCsCanister_2016-2025_HillcrestNueces.txt
483550029,45210,7,2017,58,TCEQ_VOCsCanister_2016-2025_HillcrestNueces.txt
483550029,45210,7,2018,59,TCEQ_VOCsCanister_2016-2025_HillcrestNueces.txt
483550029,45210,7,2019,56,TCEQ_VOCsCanister_2016-2025_HillcrestNueces.txt
483550029,45210,7,2020,51,TCEQ_VOCsCanister_2016-2025_HillcrestNueces.txt
483550029,45210,7,2021,57,TCEQ_VOCsCanister_2016-2025_HillcrestNueces.txt
483550029,45210,7,2022,56,TCEQ_VOCsCanister_2016-2025_HillcrestNueces.txt
483550029,45210,7,2023,56,TCEQ_VOCsCanister_2016-2025_HillcrestNueces.txt
483550029,45210,7,2024,61,TCEQ_VOCsCanister_2016-2025_HillcrestNueces.txt
483550029,45210,7,2025,44,TCEQ_VOCsCanister_2016-2025_HillcrestNueces.txt
483550029,45211,7,2016,58,TCEQ_VOCsCanister_2016-2025_HillcrestNueces.txt
483550029,45211,7,2017,58,TCEQ_VOCsCanister_2016-2025_HillcrestNueces.txt
483550029,45211,7,2018,59,TCEQ_VOCsCanister_2016-2025_HillcrestNueces.txt
483550029,45211,7,2019,56,TCEQ_VOCsCanister_2016-2025_HillcrestNueces.txt
483550029,45211,7,2020,51,TCEQ_VOCsCanister_2016-2025_HillcrestNueces.txt
483550029,45211,7,2021,57,TCEQ_VOCsCanister_2016-2025_HillcrestNueces.txt
483550029,45211,7,2022,56,TCEQ_VOCsCanister_2016-2025_HillcrestNueces.txt
483550029,45211,7,2023,56,TCEQ_VOCsCanister_2016-2025_HillcrestNueces.txt
483550029,45211,7,2024,61,TCEQ_VOCsCanister_2016-2025_HillcrestNueces.txt
483550029,45211,7,2025,44,TCEQ_VOCsCanister_2016-2025_HillcrestNueces.txt
483550029,45212,7,2016,58,TCEQ_VOCsCanister_2016-2025_HillcrestNueces.txt
483550029,45212,7,2017,58,TCEQ_VOCsCanister_2016-2025_HillcrestNueces.txt
483550029,45212,7,2018,59,TCEQ_VOCsCanister_2016-2025_HillcrestNueces.txt
483550029,45212,7,2019,56,TCEQ_VOCsCanister_2016-2025_HillcrestNueces.txt
483550029,45212,7,2020,51,TCEQ_VOCsCanister_2016-2025_HillcrestNueces.txt
483550029,45212,7,2021,57,TCEQ_VOCsCanister_2016-2025_HillcrestNueces.txt
483550029,45212,7,2022,56,TCEQ_VOCsCanister_2016-2025_HillcrestNueces.txt
483550029,45212,7,2023,56,TCEQ_VOCsCanister_2016-2025_HillcrestNueces.txt
483550029,45212,7,2024,61,TCEQ_VOCsCanister_2016-2025_HillcrestNueces.txt
483550029,45212,7,2025,44,TCEQ_VOCsCanister_2016-2025_HillcrestNueces.txt
483550029,45213,7,2016,58,TCEQ_VOCsCanister_2016-2025_HillcrestNueces.txt
483550029,45213,7,2017,58,TCEQ_VOCsCanister_2016-2025_HillcrestNueces.txt
483550029,45213,7,2018,59,TCEQ_VOCsCanister_2016-2025_HillcrestNueces.txt
483550029,45213,7,2019,56,TCEQ_VOCsCanister_2016-2025_HillcrestNueces.txt
483550029,45213,7,2020,51,TCEQ_VOCsCanister_2016-2025_HillcrestNueces.txt
483550029,45213,7,2021,57,TCEQ_VOCsCanister_2016-2025_HillcrestNueces.txt
483550029,45213,7,2022,56,TCEQ_VOCsCanister_2016-2025_HillcrestNueces.txt
483550029,45213,7,2023,56,TCEQ_VOCsCanister_2016-2025_HillcrestNueces.txt
483550029,45213,7,2024,61,TCEQ_VOCsCanister_2016-2025_HillcrestNueces.txt
483550029,45213,7,2025,44,TCEQ_VOCsCanister_2016-2025_HillcrestNueces.txt
483550029,45218,7,2016,58,TCEQ_VOCsCanister_2016-2025_HillcrestNueces.txt
483550029,45218,7,2017,58,TCEQ_VOCsCanister_2016-2025_HillcrestNueces.txt
483550029,45218,7,2018,59,TCEQ_VOCsCanister_2016-2025_HillcrestNueces.txt
483550029,45218,7,2019,56,TCEQ_VOCsCanister_2016-2025_HillcrestNueces.txt
483550029,45218,7,2020,51,TCEQ_VOCsCanister_2016-2025_HillcrestNueces.txt
483550029,45218,7,2021,57,TCEQ_VOCsCanister_2016-2025_HillcrestNueces.txt
483550029,45218,7,2022,56,TCEQ_VOCsCanister_2016-2025_HillcrestNueces.txt
483550029,45218,7,2023,56,TCEQ_VOCsCanister_2016-2025_HillcrestNueces.txt
483550029,45218,7,2024,61,TCEQ_VOCsCanister_2016-2025_HillcrestNueces.txt
483550029,45218,7,2025,44,TCEQ_VOCsCanister_2016-2025_HillcrestNueces.txt
483550029,45219,7,2016,58,TCEQ_VOCsCanister_2016-2025_HillcrestNueces.txt
483550029,45219,7,2017,58,TCEQ_VOCsCanister_2016-2025_HillcrestNueces.txt
483550029,45219,7,2018,59,TCEQ_VOCsCanister_2016-2025_HillcrestNueces.txt
483550029,45219,7,2019,56,TCEQ_VOCsCanister_2016-2025_HillcrestNueces.txt
483550029,45219,7,2020,51,TCEQ_VOCsCanister_2016-2025_HillcrestNueces.txt
483550029,45219,7,2021,57,TCEQ_VOCsCanister_2016-2025_HillcrestNueces.txt
483550029,45219,7,2022,56,TCEQ_VOCsCanister_2016-2025_HillcrestNueces.txt
483550029,45219,7,2023,56,TCEQ_VOCsCanister_2016-2025_HillcrestNueces.txt
483550029,45219,7,2024,61,TCEQ_VOCsCanister_2016-2025_HillcrestNueces.txt
483550029,45219,7,2025,44,TCEQ_VOCsCanister_2016-2025_HillcrestNueces.txt
483550029,45220,7,2016,58,TCEQ_VOCsCanister_2016-2025_HillcrestNueces.txt
483550029,45220,7,2017,58,TCEQ_VOCsCanister_2016-2025_HillcrestNueces.txt
483550029,45220,7,2018,59,TCEQ_VOCsCanister_2016-2025_HillcrestNueces.txt
483550029,45220,7,2019,56,TCEQ_VOCsCanister_2016-2025_HillcrestNueces.txt
483550029,45220,7,2020,51,TCEQ_VOCsCanister_2016-2025_HillcrestNueces.txt
483550029,45220,7,2021,57,TCEQ_VOCsCanister_2016-2025_HillcrestNueces.txt
483550029,45220,7,2022,56,TCEQ_VOCsCanister_2016-2025_HillcrestNueces.txt
483550029,45220,7,2023,56,TCEQ_VOCsCanister_2016-2025_HillcrestNueces.txt
483550029,45220,7,2024,61,TCEQ_VOCsCanister_2016-2025_HillcrestNueces.txt
483550029,45220,7,2025,44,TCEQ_VOCsCanister_2016-2025_HillcrestNueces.txt
483550029,45225,7,2016,58,TCEQ_VOCsCanister_2016-2025_HillcrestNueces.txt
483550029,45225,7,2017,58,TCEQ_VOCsCanister_2016-2025_HillcrestNueces.txt
483550029,45225,7,2018,59,TCEQ_VOCsCanister_2016-2025_HillcrestNueces.txt
483550029,45225,7,2019,56,TCEQ_VOCsCanister_2016-2025_HillcrestNueces.txt
483550029,45225,7,2020,51,TCEQ_VOCsCanister_2016-2025_HillcrestNueces.txt
483550029,45225,7,2021,57,TCEQ_VOCsCanister_2016-2025_HillcrestNueces.txt
483550029,45225,7,2022,56,TCEQ_VOCsCanister_2016-2025_HillcrestNueces.txt
483550029,45225,7,2023,56,TCEQ_VOCsCanister_2016-2025_HillcrestNueces.txt
483550029,45225,7,2024,61,TCEQ_VOCsCanister_2016-2025_HillcrestNueces.txt
483550029,45225,7,2025,44,TCEQ_VOCsCanister_2016-2025_HillcrestNueces.txt
483550029,45801,7,2016,58,TCEQ_VOCsCanister_2016-2025_HillcrestNueces.txt
483550029,45801,7,2017,58,TCEQ_VOCsCanister_2016-2025_HillcrestNueces.txt
483550029,45801,7,2018,59,TCEQ_VOCsCanister_2016-2025_HillcrestNueces.txt
483550029,45801,7,2019,56,TCEQ_VOCsCanister_2016-2025_HillcrestNueces.txt
483550029,45801,7,2020,51,TCEQ_VOCsCanister_2016-2025_HillcrestNueces.txt
483550029,45801,7,2021,57,TCEQ_VOCsCanister_2016-2025_HillcrestNueces.txt
483550029,45801,7,2022,56,TCEQ_VOCsCanister_2016-2025_HillcrestNueces.txt
483550029,45801,7,2023,56,TCEQ_VOCsCanister_2016-2025_HillcrestNueces.txt
483550029,45801,7,2024,61,TCEQ_VOCsCanister_2016-2025_HillcrestNueces.txt
483550029,45801,7,2025,44,TCEQ_VOCsCanister_2016-2025_HillcrestNueces.txt
